====================================================================================================
MEDRAG EXECUTION TRACE
Started:  2026-08-23T17:20:10
Events:   134
Duration: 104211 ms (104.2s)
====================================================================================================

[   1] [2026-08-23T17:20:19.644]  +  8735.9ms  (     8.0 ms)  PLANNER
        ┌─── REQUEST ───────────────────────────────────────────
        │ query: Which surgical repair techniques were associated with recurrent coarctation and what are the percentages and p-values?
        │ question_type: numerical
        └──────────────────────────────────────────────────────
        ┌─── RESPONSE ──────────────────────────────────────────
        │ conditions: ['recurrent coarctation']
        │ populations: []
        │ target: surgical repair techniques
        │ requirements: [{'id': 'H1', 'topic': 'recurrent coarctation', 'population': '', 'target': 'surgical repair techniques', 'focus': 'comparative_numerical', 'outcome': '', 'condition': 'recurrent coarctation', 'required_concepts': ['coarctation', 'recurrent coarctation'], 'preferred_evidence_types': ['table_row', 't
        │ requirements:     ... [1064 chars truncated] ...
        │ requirements:     ind the Results sections, tables, and table footnotes that report surgical repair techniques associated with recurrent coarctation including percentage, p-value.', 'hop_label': 'recurrent coarctation -> adults -> surgical repair techniques', 'hop_dependencies': [], 'comparison': False, 'n_hops': 1}]
        │ queries: [{'id': 'q1', 'requirement_ids': ['H1'], 'text': 'Which surgical repair techniques were associated with recurrent coarctation and what are the percentages and p-values', 'variant_id': 'V0', 'variant_source': 'original', 'intended_population': '', 'intended_outcome': '', 'branch': 'hybrid'}, {'id': '
        │ queries:     ... [380 chars truncated] ...
        │ queries:     tion': '', 'intended_outcome': '', 'branch': 'hybrid'}, {'id': 'q4', 'requirement_ids': ['H1'], 'text': 'surgical repair techniques recurrent coarctation percentage p-value', 'variant_id': 'V3', 'variant_source': 'focus+fields', 'intended_population': '', 'intended_outcome': '', 'branch': 'hybrid'}]
        │ terminology_guard: {
        │ terminology_guard: "concepts_detected": [
        │ terminology_guard: {
        │ terminology_guard: "original": "recurrent coarctation",
        │ terminology_guard: "preserved": true
        │ terminology_guard: },
        │ terminology_guard: {
        │ terminology_guard: "original": "surgical repair techniques",
        │ terminology_guard: "preserved": true
        │ terminology_guard: }
        │ terminology_guard: ],
        │ terminology_guard: "preserved": [
        │ terminology_guard: "recurrent coarctation",
        │ terminology_guard: "surgical repair techniques"
        │ terminology_guard: ],
        │ terminology_guard: "violations": [],
        │ terminology_guard: "note": "Medical terms are never silently replaced by different concepts. Synonyms may be added for search only."
        │ terminology_guard: }
        └──────────────────────────────────────────────────────

[   2] [2026-08-23T17:20:19.644]  +  8736.0ms  (       —)  q1_retrieval_start
        ┌─── REQUEST ───────────────────────────────────────────
        │ query_id: q1
        │ requirement_ids: ['H1']
        │ text: Which surgical repair techniques were associated with recurrent coarctation and what are the percentages and p-values
        │ bm25_depth: 100
        │ dense_depth: 100
        └──────────────────────────────────────────────────────

[   3] [2026-08-23T17:20:32.026]  + 21118.0ms  (       —)  q1_retrieval_done
        ┌─── REQUEST ───────────────────────────────────────────
        │ query_id: q1
        └──────────────────────────────────────────────────────
        ┌─── RESPONSE ──────────────────────────────────────────
        │ n_events: 200
        │ bm25_events: 100
        │ dense_events: 100
        │ n_fused: 196
        │ n_papers: 113
        │ top10: [{'chunk_id': 'PMC11743609_0', 'paper_id': 'PMC11743609', 'rrf_score': 0.027109, 'rank': 1, 'methods': ['bm25', 'dense']}, {'chunk_id': 'PMC12082946_17', 'paper_id': 'PMC12082946', 'rrf_score': 0.021437, 'rank': 2, 'methods': ['bm25', 'dense']}, {'chunk_id': 'PMC11743609_5', 'paper_id': 'PMC11743609
        │ top10:     ... [598 chars truncated] ...
        │ top10:     743609', 'rrf_score': 0.016129, 'rank': 8, 'methods': ['dense']}, {'chunk_id': 'PMC11743609_T2_row_0', 'paper_id': 'PMC11743609', 'rrf_score': 0.015873, 'rank': 9, 'methods': ['dense']}, {'chunk_id': 'PMC12009809_7', 'paper_id': 'PMC12009809', 'rrf_score': 0.015625, 'rank': 10, 'methods': ['bm25']}]
        └──────────────────────────────────────────────────────

[   4] [2026-08-23T17:20:32.026]  + 21118.1ms  (       —)  q2_retrieval_start
        ┌─── REQUEST ───────────────────────────────────────────
        │ query_id: q2
        │ requirement_ids: ['H1']
        │ text: surgical repair techniques recurrent coarctation
        │ bm25_depth: 100
        │ dense_depth: 100
        └──────────────────────────────────────────────────────

[   5] [2026-08-23T17:20:34.687]  + 23778.6ms  (       —)  q2_retrieval_done
        ┌─── REQUEST ───────────────────────────────────────────
        │ query_id: q2
        └──────────────────────────────────────────────────────
        ┌─── RESPONSE ──────────────────────────────────────────
        │ n_events: 200
        │ bm25_events: 100
        │ dense_events: 100
        │ n_fused: 189
        │ n_papers: 46
        │ top10: [{'chunk_id': 'PMC11743609_0', 'paper_id': 'PMC11743609', 'rrf_score': 0.032266, 'rank': 1, 'methods': ['bm25', 'dense']}, {'chunk_id': 'PMC11743609_5', 'paper_id': 'PMC11743609', 'rrf_score': 0.026743, 'rank': 2, 'methods': ['bm25', 'dense']}, {'chunk_id': 'PMC12014972_3', 'paper_id': 'PMC12014972'
        │ top10:     ... [702 chars truncated] ...
        │ top10:     8, 'methods': ['bm25', 'dense']}, {'chunk_id': 'PMC11743609_T2_row_12', 'paper_id': 'PMC11743609', 'rrf_score': 0.016393, 'rank': 9, 'methods': ['dense']}, {'chunk_id': 'PMC11970464_TB0920247337pcc-1_row_9', 'paper_id': 'PMC11970464', 'rrf_score': 0.016202, 'rank': 10, 'methods': ['bm25', 'dense']}]
        └──────────────────────────────────────────────────────

[   6] [2026-08-23T17:20:34.687]  + 23778.7ms  (       —)  q3_retrieval_start
        ┌─── REQUEST ───────────────────────────────────────────
        │ query_id: q3
        │ requirement_ids: ['H1']
        │ text: surgical repair techniques coarctation
        │ bm25_depth: 100
        │ dense_depth: 100
        └──────────────────────────────────────────────────────

[   7] [2026-08-23T17:20:37.283]  + 26374.3ms  (       —)  q3_retrieval_done
        ┌─── REQUEST ───────────────────────────────────────────
        │ query_id: q3
        └──────────────────────────────────────────────────────
        ┌─── RESPONSE ──────────────────────────────────────────
        │ n_events: 200
        │ bm25_events: 100
        │ dense_events: 100
        │ n_fused: 186
        │ n_papers: 44
        │ top10: [{'chunk_id': 'PMC11997790_ivaf042-T2_row_0', 'paper_id': 'PMC11997790', 'rrf_score': 0.029857, 'rank': 1, 'methods': ['bm25', 'dense']}, {'chunk_id': 'PMC11743609_0', 'paper_id': 'PMC11743609', 'rrf_score': 0.028787, 'rank': 2, 'methods': ['bm25', 'dense']}, {'chunk_id': 'PMC11743609_5', 'paper_id'
        │ top10:     ... [790 chars truncated] ...
        │ top10:     'dense']}, {'chunk_id': 'PMC11970464_TB0920247337pcc-1_row_15', 'paper_id': 'PMC11970464', 'rrf_score': 0.020548, 'rank': 9, 'methods': ['bm25', 'dense']}, {'chunk_id': 'PMC11970464_TB0920247337pcc-1_row_14', 'paper_id': 'PMC11970464', 'rrf_score': 0.02041, 'rank': 10, 'methods': ['bm25', 'dense']}]
        └──────────────────────────────────────────────────────

[   8] [2026-08-23T17:20:37.283]  + 26374.3ms  (       —)  q4_retrieval_start
        ┌─── REQUEST ───────────────────────────────────────────
        │ query_id: q4
        │ requirement_ids: ['H1']
        │ text: surgical repair techniques recurrent coarctation percentage p-value
        │ bm25_depth: 100
        │ dense_depth: 100
        └──────────────────────────────────────────────────────

[   9] [2026-08-23T17:20:39.846]  + 28938.0ms  (       —)  q4_retrieval_done
        ┌─── REQUEST ───────────────────────────────────────────
        │ query_id: q4
        └──────────────────────────────────────────────────────
        ┌─── RESPONSE ──────────────────────────────────────────
        │ n_events: 200
        │ bm25_events: 100
        │ dense_events: 100
        │ n_fused: 196
        │ n_papers: 52
        │ top10: [{'chunk_id': 'PMC11743609_0', 'paper_id': 'PMC11743609', 'rrf_score': 0.027263, 'rank': 1, 'methods': ['bm25', 'dense']}, {'chunk_id': 'PMC11997790_ivaf042-T2_row_0', 'paper_id': 'PMC11997790', 'rrf_score': 0.023573, 'rank': 2, 'methods': ['bm25', 'dense']}, {'chunk_id': 'PMC11743609_T2_row_0', 'pa
        │ top10:     ... [647 chars truncated] ...
        │ top10:     re': 0.015873, 'rank': 8, 'methods': ['dense']}, {'chunk_id': 'PMC12028279_jcm-14-02817-f001', 'paper_id': 'PMC12028279', 'rrf_score': 0.015625, 'rank': 9, 'methods': ['bm25']}, {'chunk_id': 'PMC11743609_T2_row_16', 'paper_id': 'PMC11743609', 'rrf_score': 0.015625, 'rank': 10, 'methods': ['dense']}]
        └──────────────────────────────────────────────────────

[  10] [2026-08-23T17:20:40.470]  + 29562.0ms  (       —)  q1_paper_aggregation
        ┌─── REQUEST ───────────────────────────────────────────
        │ query_id: q1
        │ requirement_ids: ['H1']
        └──────────────────────────────────────────────────────
        ┌─── RESPONSE ──────────────────────────────────────────
        │ n_papers: 113
        │ top_papers: [{'paper_id': 'PMC11743609', 'score': 0.9}, {'paper_id': 'PMC12082946', 'score': 0.6386}, {'paper_id': 'PMC12028424', 'score': 0.6478}, {'paper_id': 'PMC12087259', 'score': 0.3778}, {'paper_id': 'PMC11749030', 'score': 0.3706}, {'paper_id': 'PMC12009809', 'score': 0.4153}, {'paper_id': 'PMC11702069', 'score': 0.3988}, {'paper_id': 'PMC12055418', 'score': 0.3438}, {'paper_id': 'PMC11989269', 'score': 0.3186}, {'paper_id': 'PMC12074746', 'score': 0.3201}]
        └──────────────────────────────────────────────────────

[  11] [2026-08-23T17:20:40.530]  + 29622.1ms  (       —)  q2_paper_aggregation
        ┌─── REQUEST ───────────────────────────────────────────
        │ query_id: q2
        │ requirement_ids: ['H1']
        └──────────────────────────────────────────────────────
        ┌─── RESPONSE ──────────────────────────────────────────
        │ n_papers: 46
        │ top_papers: [{'paper_id': 'PMC11743609', 'score': 0.8687}, {'paper_id': 'PMC12014972', 'score': 0.7021}, {'paper_id': 'PMC12009809', 'score': 0.7095}, {'paper_id': 'PMC11997790', 'score': 0.5628}, {'paper_id': 'PMC11970464', 'score': 0.4895}, {'paper_id': 'PMC12028279', 'score': 0.3061}, {'paper_id': 'PMC11702069', 'score': 0.3008}, {'paper_id': 'PMC12074746', 'score': 0.2956}, {'paper_id': 'PMC12055418', 'score': 0.4384}, {'paper_id': 'PMC11749030', 'score': 0.281}]
        └──────────────────────────────────────────────────────

[  12] [2026-08-23T17:20:40.582]  + 29673.7ms  (       —)  q3_paper_aggregation
        ┌─── REQUEST ───────────────────────────────────────────
        │ query_id: q3
        │ requirement_ids: ['H1']
        └──────────────────────────────────────────────────────
        ┌─── RESPONSE ──────────────────────────────────────────
        │ n_papers: 44
        │ top_papers: [{'paper_id': 'PMC11997790', 'score': 0.7809}, {'paper_id': 'PMC11743609', 'score': 0.8333}, {'paper_id': 'PMC11970464', 'score': 0.6786}, {'paper_id': 'PMC12009809', 'score': 0.5126}, {'paper_id': 'PMC12014972', 'score': 0.4112}, {'paper_id': 'PMC11702069', 'score': 0.3551}, {'paper_id': 'PMC12074746', 'score': 0.3265}, {'paper_id': 'PMC12055418', 'score': 0.4635}, {'paper_id': 'PMC11856853', 'score': 0.3254}, {'paper_id': 'PMC11697624', 'score': 0.455}]
        └──────────────────────────────────────────────────────

[  13] [2026-08-23T17:20:40.644]  + 29735.4ms  (       —)  q4_paper_aggregation
        ┌─── REQUEST ───────────────────────────────────────────
        │ query_id: q4
        │ requirement_ids: ['H1']
        └──────────────────────────────────────────────────────
        ┌─── RESPONSE ──────────────────────────────────────────
        │ n_papers: 52
        │ top_papers: [{'paper_id': 'PMC11743609', 'score': 0.868}, {'paper_id': 'PMC11997790', 'score': 0.661}, {'paper_id': 'PMC12009809', 'score': 0.4243}, {'paper_id': 'PMC11970464', 'score': 0.4861}, {'paper_id': 'PMC12028279', 'score': 0.3534}, {'paper_id': 'PMC11702069', 'score': 0.3875}, {'paper_id': 'PMC12074746', 'score': 0.3402}, {'paper_id': 'PMC12055418', 'score': 0.3339}, {'paper_id': 'PMC11898404', 'score': 0.3438}, {'paper_id': 'PMC11854409', 'score': 0.3936}]
        └──────────────────────────────────────────────────────

[  14] [2026-08-23T17:20:40.649]  + 29740.3ms  (       —)  paper_selection
        ┌─── REQUEST ───────────────────────────────────────────
        │ n_requirements: 1
        │ top_papers: 12
        │ per_requirement_shortlist: 5
        │ branch_guarantee_top: 2
        └──────────────────────────────────────────────────────
        ┌─── RESPONSE ──────────────────────────────────────────
        │ n_ranked_papers: 137
        │ selected: [{'paper_id': 'PMC11743609', 'score': 0.99, 'supported': ['H1'], 'reason': 'ranked'}, {'paper_id': 'PMC11997790', 'score': 0.852, 'supported': ['H1'], 'reason': 'ranked'}, {'paper_id': 'PMC12009809', 'score': 0.8093, 'supported': ['H1'], 'reason': 'ranked'}, {'paper_id': 'PMC12014972', 'score': 0.79
        │ selected:     ... [440 chars truncated] ...
        │ selected:     upported': ['H1'], 'reason': 'ranked'}, {'paper_id': 'PMC11697624', 'score': 0.6014, 'supported': ['H1'], 'reason': 'ranked'}, {'paper_id': 'PMC11955238', 'score': 0.5616, 'supported': ['H1'], 'reason': 'ranked'}, {'paper_id': 'PMC11997764', 'score': 0.5579, 'supported': ['H1'], 'reason': 'ranked'}]
        │ matrix: {
        │ matrix: "PMC11956399": {
        │ matrix: "H1": 0.04047599599507076
        │ matrix: },
        │ matrix: "PMC11836018": {
        │ matrix: "H1": 0.05590711311412717
        │ matrix: },
        │ matrix: "PMC12038168": {
        │ matrix: "H1": 0.10854439249800979
        │ matrix: },
        │ matrix: "PMC12084126": {
        │ matrix: "H1": 0.05228767933998538
        │ matrix: },
        │ matrix: "PMC11745653": {
        │ matrix: "H1": 0.029474557234342676
        │ matrix: },
        │ matrix: "PMC11865737": {
        │ matrix: "H1": 0.18351235869474586
        │ matrix: },
        │ matrix: "PMC11970461": {
        │ matrix: "H1"
        │ matrix:     ... [5665 chars truncated] ...
        │ matrix:     ": 0.24830392747123123
        │ matrix: },
        │ matrix: "PMC12032625": {
        │ matrix: "H1": 0.08802122953483203
        │ matrix: },
        │ matrix: "PMC11955238": {
        │ matrix: "H1": 0.3526906980600856
        │ matrix: },
        │ matrix: "PMC12013758": {
        │ matrix: "H1": 0.13890308792134376
        │ matrix: },
        │ matrix: "PMC12046885": {
        │ matrix: "H1": 0.07228287676588327
        │ matrix: },
        │ matrix: "PMC11898404": {
        │ matrix: "H1": 0.3154479278332739
        │ matrix: },
        │ matrix: "PMC11856853": {
        │ matrix: "H1": 0.29279047836120914
        │ matrix: }
        │ matrix: }
        └──────────────────────────────────────────────────────

[  15] [2026-08-23T17:20:40.649]  + 29740.6ms  (     5.0 ms)  PAPER_SELECTION
        ┌─── REQUEST ───────────────────────────────────────────
        │ n_requirements: 1
        │ top_papers: 12
        └──────────────────────────────────────────────────────
        ┌─── RESPONSE ──────────────────────────────────────────
        │ selected: [{'paper_id': 'PMC11743609', 'paper_score': 0.99, 'supported_requirements': ['H1'], 'query_branches': ['q1', 'q2', 'q3', 'q4'], 'best_chunks': ['PMC11743609_0', 'PMC11743609_5', 'PMC11743609_T2_row_12', 'PMC11743609_42', 'PMC11743609_T2_row_0'], 'sections': ['Abstract', 'Discussion', 'Introduction',
        │ selected:     ... [5014 chars truncated] ...
        │ selected:     97764_ivaf020-T1_row_11', 'PMC11997764_ivaf020-T1_row_8', 'PMC11997764_ivaf020-T1_row_11', 'PMC11997764_ivaf020-T1_row_8'], 'sections': ['RESULTS'], 'evidence_types': ['table_footnotes', 'table_row'], 'per_requirement_scores': {'H1': 0.3798}, 'reason': 'ranked', 'bridge': False, 'guarantee': False}]
        └──────────────────────────────────────────────────────

[  16] [2026-08-23T17:20:40.661]  + 29753.1ms  (       —)  PAGEINDEX_LOAD
        ┌─── REQUEST ───────────────────────────────────────────
        │ paper_id: PMC11743609
        │ artifact: index/pageindex/PMC11743609.json
        └──────────────────────────────────────────────────────
        ┌─── RESPONSE ──────────────────────────────────────────
        │ status: success
        │ n_chunks: 108
        │ n_tree_nodes: 104
        │ format: pageindex md_to_tree (hierarchy-first)
        └──────────────────────────────────────────────────────

[  17] [2026-08-23T17:20:40.664]  + 29756.0ms  (       —)  PAGEINDEX_SEARCH
        ┌─── REQUEST ───────────────────────────────────────────
        │ paper_id: PMC11743609
        │ requirement_id: H1
        │ query: Find the Results sections, tables, and table footnotes that report surgical repair techniques associated with recurrent coarctation including percentage, p-value.
        │ top_k: 8
        └──────────────────────────────────────────────────────
        ┌─── RESPONSE ──────────────────────────────────────────
        │ selected_nodes: [{'node_id': '0060', 'title': 'Table T2', 'section': 'Results > Recurrent coarctation (re-CoA) > Table T2', 'relevance': 1.0}, {'node_id': '0048', 'title': 'Table T1', 'section': 'Results > Table T1', 'relevance': 0.865}, {'node_id': '0067', 'title': 'Data are shown in Table 2. Prior to discharge af
        │ selected_nodes:     ... [767 chars truncated] ...
        │ selected_nodes:     , {'node_id': '0065', 'title': 'Figure F5', 'section': 'Results > Aortic arch geometry and flow pattern in relation to re-CoA > Figure F5', 'relevance': 0.492}, {'node_id': '0058', 'title': 'Recurrent coarctation (re-CoA)', 'section': 'Results > Recurrent coarctation (re-CoA)', 'relevance': 0.4887}]
        │ reasons: ['title matches table; text matches p; tabular evidence region', 'title matches table; text matches associated, p; tabular evidence region', 'title matches table, p; text matches repair; tabular evidence region', 'title matches p; text matches table, repair, associated; Results section', 'title matches repair, p; text matches table, associated; Results section', 'text matches p; figure region', 'text matches p; figure region', 'title matches recurrent, coarctation; Results section']
        │ status: success
        └──────────────────────────────────────────────────────

[  18] [2026-08-23T17:20:40.664]  + 29756.1ms  (       —)  PAGEINDEX_NODE_SELECTED
        ┌─── REQUEST ───────────────────────────────────────────
        │ paper_id: PMC11743609
        │ pageindex_node_id: 0060
        │ title: Table T2
        │ section: PMC11743609 > Results > Recurrent coarctation (re-CoA) > Table T2
        │ requirement_id: H1
        └──────────────────────────────────────────────────────
        ┌─── RESPONSE ──────────────────────────────────────────
        │ reason: title matches table; text matches p; tabular evidence region
        └──────────────────────────────────────────────────────

[  19] [2026-08-23T17:20:40.664]  + 29756.1ms  (       —)  PAGEINDEX_NODE_SELECTED
        ┌─── REQUEST ───────────────────────────────────────────
        │ paper_id: PMC11743609
        │ pageindex_node_id: 0048
        │ title: Table T1
        │ section: PMC11743609 > Results > Table T1
        │ requirement_id: H1
        └──────────────────────────────────────────────────────
        ┌─── RESPONSE ──────────────────────────────────────────
        │ reason: title matches table; text matches associated, p; tabular evidence region
        └──────────────────────────────────────────────────────

[  20] [2026-08-23T17:20:40.664]  + 29756.1ms  (       —)  PAGEINDEX_NODE_SELECTED
        ┌─── REQUEST ───────────────────────────────────────────
        │ paper_id: PMC11743609
        │ pageindex_node_id: 0067
        │ title: Data are shown in Table 2. Prior to discharge after...
        │ section: PMC11743609 > Results > Pre-discharge blood pressure, echo data and re-CoA > Data are shown in Table 2. Prior to discharge after...
        │ requirement_id: H1
        └──────────────────────────────────────────────────────
        ┌─── RESPONSE ──────────────────────────────────────────
        │ reason: title matches table, p; text matches repair; tabular evidence region
        └──────────────────────────────────────────────────────

[  21] [2026-08-23T17:20:40.664]  + 29756.2ms  (       —)  PAGEINDEX_NODE_SELECTED
        ┌─── REQUEST ───────────────────────────────────────────
        │ paper_id: PMC11743609
        │ pageindex_node_id: 0059
        │ title: Re-CoA occurred in 4 patients at a median age of 3.5...
        │ section: PMC11743609 > Results > Recurrent coarctation (re-CoA) > Re-CoA occurred in 4 patients at a median age of 3.5...
        │ requirement_id: H1
        └──────────────────────────────────────────────────────
        ┌─── RESPONSE ──────────────────────────────────────────
        │ reason: title matches p; text matches table, repair, associated; Results section
        └──────────────────────────────────────────────────────

[  22] [2026-08-23T17:20:40.664]  + 29756.2ms  (       —)  PAGEINDEX_NODE_SELECTED
        ┌─── REQUEST ───────────────────────────────────────────
        │ paper_id: PMC11743609
        │ pageindex_node_id: 0062
        │ title: All patients with re-CoA had repair via lateral thor...
        │ section: PMC11743609 > Results > Surgical technique and re-CoA > All patients with re-CoA had repair via lateral thor...
        │ requirement_id: H1
        └──────────────────────────────────────────────────────
        ┌─── RESPONSE ──────────────────────────────────────────
        │ reason: title matches repair, p; text matches table, associated; Results section
        └──────────────────────────────────────────────────────

[  23] [2026-08-23T17:20:40.664]  + 29756.2ms  (       —)  PAGEINDEX_NODE_SELECTED
        ┌─── REQUEST ───────────────────────────────────────────
        │ paper_id: PMC11743609
        │ pageindex_node_id: 0055
        │ title: Figure F4
        │ section: PMC11743609 > Results > Relation between aortic arch shape, 3d angles and flow pattern > Figure F4
        │ requirement_id: H1
        └──────────────────────────────────────────────────────
        ┌─── RESPONSE ──────────────────────────────────────────
        │ reason: text matches p; figure region
        └──────────────────────────────────────────────────────

[  24] [2026-08-23T17:20:40.664]  + 29756.2ms  (       —)  PAGEINDEX_NODE_SELECTED
        ┌─── REQUEST ───────────────────────────────────────────
        │ paper_id: PMC11743609
        │ pageindex_node_id: 0065
        │ title: Figure F5
        │ section: PMC11743609 > Results > Aortic arch geometry and flow pattern in relation to re-CoA > Figure F5
        │ requirement_id: H1
        └──────────────────────────────────────────────────────
        ┌─── RESPONSE ──────────────────────────────────────────
        │ reason: text matches p; figure region
        └──────────────────────────────────────────────────────

[  25] [2026-08-23T17:20:40.664]  + 29756.2ms  (       —)  PAGEINDEX_NODE_SELECTED
        ┌─── REQUEST ───────────────────────────────────────────
        │ paper_id: PMC11743609
        │ pageindex_node_id: 0058
        │ title: Recurrent coarctation (re-CoA)
        │ section: PMC11743609 > Results > Recurrent coarctation (re-CoA)
        │ requirement_id: H1
        └──────────────────────────────────────────────────────
        ┌─── RESPONSE ──────────────────────────────────────────
        │ reason: title matches recurrent, coarctation; Results section
        └──────────────────────────────────────────────────────

[  26] [2026-08-23T17:20:40.665]  + 29756.3ms  (       —)  local_pageindex
        ┌─── REQUEST ───────────────────────────────────────────
        │ paper_id: PMC11743609
        │ requirement_id: H1
        │ status: success
        │ navigation_query: Find the Results sections, tables, and table footnotes that report surgical repair techniques associated with recurrent coarctation including percentage, p-value.
        └──────────────────────────────────────────────────────
        ┌─── RESPONSE ──────────────────────────────────────────
        │ nav_chunks: [57 items: ['PMC11743609_27', 'PMC11743609_28', 'PMC11743609_30'] ... ['PMC11743609_T2_row_9', 'PMC11743609_T2_summary']]
        │ n_nav_chunks: 57
        └──────────────────────────────────────────────────────

[  27] [2026-08-23T17:20:41.539]  + 30631.1ms  (       —)  local_evidence_boost
        ┌─── REQUEST ───────────────────────────────────────────
        │ paper_id: PMC11743609
        │ requirement_id: H1
        │ focus: comparative_numerical
        └──────────────────────────────────────────────────────
        ┌─── RESPONSE ──────────────────────────────────────────
        │ boosted: ['PMC11743609_T1_row_9', 'PMC11743609_T2_row_5']
        └──────────────────────────────────────────────────────

[  28] [2026-08-23T17:20:46.558]  + 35649.8ms  (       —)  local_search_PMC11743609_H1
        ┌─── REQUEST ───────────────────────────────────────────
        │ paper_id: PMC11743609
        │ requirement_id: H1
        │ navigation_query: Find the Results sections, tables, and table footnotes that report surgical repair techniques associated with recurrent coarctation including percentage, p-value.
        │ n_variants: 4
        │ n_paper_chunks: 108
        │ pageindex_status: success
        └──────────────────────────────────────────────────────
        ┌─── RESPONSE ──────────────────────────────────────────
        │ bm25+pgvector_fused: 27
        │ candidates: 32
        │ pageindex_chunks: 57
        │ top: [{'chunk_id': 'PMC11743609_0', 'type': 'paragraph', 'rank': 1, 'pageindex': False, 'table_id': None}, {'chunk_id': 'PMC11743609_9', 'type': 'paragraph', 'rank': 2, 'pageindex': False, 'table_id': None}, {'chunk_id': 'PMC11743609_42', 'type': 'paragraph', 'rank': 3, 'pageindex': False, 'table_id': No
        │ top:     ... [236 chars truncated] ...
        │ top:     609_T2_row_9', 'type': 'table_row', 'rank': 6, 'pageindex': True, 'table_id': 'T2'}, {'chunk_id': 'PMC11743609_T2_row_16', 'type': 'table_row', 'rank': 7, 'pageindex': True, 'table_id': 'T2'}, {'chunk_id': 'PMC11743609_T2_row_10', 'type': 'table_row', 'rank': 8, 'pageindex': True, 'table_id': 'T2'}]
        └──────────────────────────────────────────────────────

[  29] [2026-08-23T17:20:46.559]  + 35650.9ms  (       —)  PAGEINDEX_LOAD
        ┌─── REQUEST ───────────────────────────────────────────
        │ paper_id: PMC11997790
        │ artifact: index/pageindex/PMC11997790.json
        └──────────────────────────────────────────────────────
        ┌─── RESPONSE ──────────────────────────────────────────
        │ status: success
        │ n_chunks: 131
        │ n_tree_nodes: 67
        │ format: pageindex md_to_tree (hierarchy-first)
        └──────────────────────────────────────────────────────

[  30] [2026-08-23T17:20:46.560]  + 35652.2ms  (       —)  PAGEINDEX_SEARCH
        ┌─── REQUEST ───────────────────────────────────────────
        │ paper_id: PMC11997790
        │ requirement_id: H1
        │ query: Find the Results sections, tables, and table footnotes that report surgical repair techniques associated with recurrent coarctation including percentage, p-value.
        │ top_k: 8
        └──────────────────────────────────────────────────────
        ┌─── RESPONSE ──────────────────────────────────────────
        │ selected_nodes: [{'node_id': '0032', 'title': 'Table ivaf042-T2', 'section': 'RESULTS > Surgical technique > Table ivaf042-T2', 'relevance': 1.0}, {'node_id': '0027', 'title': 'Table ivaf042-T1', 'section': 'RESULTS > Table ivaf042-T1', 'relevance': 0.8857}, {'node_id': '0035', 'title': 'Table ivaf042-T3', 'section
        │ selected_nodes:     ... [509 chars truncated] ...
        │ selected_nodes:     gure ivaf042-F3', 'section': 'RESULTS > Reoperation > Figure ivaf042-F3', 'relevance': 0.4857}, {'node_id': '0011', 'title': 'Long-term results of this minimally invasive approac...', 'section': 'Abstract > CONCLUSIONS > Long-term results of this minimally invasive approac...', 'relevance': 0.4197}]
        │ reasons: ['title matches table; text matches repair, associated, coarctation, p; tabular evidence region', 'title matches table; text matches repair, associated, p; tabular evidence region', 'title matches table; text matches p; tabular evidence region', 'title matches table; text matches p; tabular evidence region', 'text matches table, coarctation, p; figure region', 'text matches p; figure region', 'text matches p; figure region', 'title matches results, p; Results section']
        │ status: success
        └──────────────────────────────────────────────────────

[  31] [2026-08-23T17:20:46.560]  + 35652.2ms  (       —)  PAGEINDEX_NODE_SELECTED
        ┌─── REQUEST ───────────────────────────────────────────
        │ paper_id: PMC11997790
        │ pageindex_node_id: 0032
        │ title: Table ivaf042-T2
        │ section: PMC11997790 > RESULTS > Surgical technique > Table ivaf042-T2
        │ requirement_id: H1
        └──────────────────────────────────────────────────────
        ┌─── RESPONSE ──────────────────────────────────────────
        │ reason: title matches table; text matches repair, associated, coarctation, p; tabular evidence region
        └──────────────────────────────────────────────────────

[  32] [2026-08-23T17:20:46.561]  + 35652.3ms  (       —)  PAGEINDEX_NODE_SELECTED
        ┌─── REQUEST ───────────────────────────────────────────
        │ paper_id: PMC11997790
        │ pageindex_node_id: 0027
        │ title: Table ivaf042-T1
        │ section: PMC11997790 > RESULTS > Table ivaf042-T1
        │ requirement_id: H1
        └──────────────────────────────────────────────────────
        ┌─── RESPONSE ──────────────────────────────────────────
        │ reason: title matches table; text matches repair, associated, p; tabular evidence region
        └──────────────────────────────────────────────────────

[  33] [2026-08-23T17:20:46.561]  + 35652.3ms  (       —)  PAGEINDEX_NODE_SELECTED
        ┌─── REQUEST ───────────────────────────────────────────
        │ paper_id: PMC11997790
        │ pageindex_node_id: 0035
        │ title: Table ivaf042-T3
        │ section: PMC11997790 > RESULTS > Outcome > Table ivaf042-T3
        │ requirement_id: H1
        └──────────────────────────────────────────────────────
        ┌─── RESPONSE ──────────────────────────────────────────
        │ reason: title matches table; text matches p; tabular evidence region
        └──────────────────────────────────────────────────────

[  34] [2026-08-23T17:20:46.561]  + 35652.4ms  (       —)  PAGEINDEX_NODE_SELECTED
        ┌─── REQUEST ───────────────────────────────────────────
        │ paper_id: PMC11997790
        │ pageindex_node_id: 0040
        │ title: Table ivaf042-T4
        │ section: PMC11997790 > RESULTS > Aortic arch growth and remodelling > Table ivaf042-T4
        │ requirement_id: H1
        └──────────────────────────────────────────────────────
        ┌─── RESPONSE ──────────────────────────────────────────
        │ reason: title matches table; text matches p; tabular evidence region
        └──────────────────────────────────────────────────────

[  35] [2026-08-23T17:20:46.561]  + 35652.4ms  (       —)  PAGEINDEX_NODE_SELECTED
        ┌─── REQUEST ───────────────────────────────────────────
        │ paper_id: PMC11997790
        │ pageindex_node_id: 0030
        │ title: Figure ivaf042-F1
        │ section: PMC11997790 > RESULTS > Surgical technique > Figure ivaf042-F1
        │ requirement_id: H1
        └──────────────────────────────────────────────────────
        ┌─── RESPONSE ──────────────────────────────────────────
        │ reason: text matches table, coarctation, p; figure region
        └──────────────────────────────────────────────────────

[  36] [2026-08-23T17:20:46.561]  + 35652.5ms  (       —)  PAGEINDEX_NODE_SELECTED
        ┌─── REQUEST ───────────────────────────────────────────
        │ paper_id: PMC11997790
        │ pageindex_node_id: 0043
        │ title: Figure ivaf042-F2
        │ section: PMC11997790 > RESULTS > Reoperation > Figure ivaf042-F2
        │ requirement_id: H1
        └──────────────────────────────────────────────────────
        ┌─── RESPONSE ──────────────────────────────────────────
        │ reason: text matches p; figure region
        └──────────────────────────────────────────────────────

[  37] [2026-08-23T17:20:46.561]  + 35652.5ms  (       —)  PAGEINDEX_NODE_SELECTED
        ┌─── REQUEST ───────────────────────────────────────────
        │ paper_id: PMC11997790
        │ pageindex_node_id: 0044
        │ title: Figure ivaf042-F3
        │ section: PMC11997790 > RESULTS > Reoperation > Figure ivaf042-F3
        │ requirement_id: H1
        └──────────────────────────────────────────────────────
        ┌─── RESPONSE ──────────────────────────────────────────
        │ reason: text matches p; figure region
        └──────────────────────────────────────────────────────

[  38] [2026-08-23T17:20:46.561]  + 35652.5ms  (       —)  PAGEINDEX_NODE_SELECTED
        ┌─── REQUEST ───────────────────────────────────────────
        │ paper_id: PMC11997790
        │ pageindex_node_id: 0011
        │ title: Long-term results of this minimally invasive approac...
        │ section: PMC11997790 > Abstract > CONCLUSIONS > Long-term results of this minimally invasive approac...
        │ requirement_id: H1
        └──────────────────────────────────────────────────────
        ┌─── RESPONSE ──────────────────────────────────────────
        │ reason: title matches results, p; Results section
        └──────────────────────────────────────────────────────

[  39] [2026-08-23T17:20:46.561]  + 35652.6ms  (       —)  local_pageindex
        ┌─── REQUEST ───────────────────────────────────────────
        │ paper_id: PMC11997790
        │ requirement_id: H1
        │ status: success
        │ navigation_query: Find the Results sections, tables, and table footnotes that report surgical repair techniques associated with recurrent coarctation including percentage, p-value.
        └──────────────────────────────────────────────────────
        ┌─── RESPONSE ──────────────────────────────────────────
        │ nav_chunks: [99 items: ['PMC11997790_3', 'PMC11997790_ivaf042-F1', 'PMC11997790_ivaf042-F2'] ... ['PMC11997790_ivaf042-T4_row_8', 'PMC11997790_ivaf042-T4_summary']]
        │ n_nav_chunks: 99
        └──────────────────────────────────────────────────────

[  40] [2026-08-23T17:20:46.652]  + 35744.0ms  (       —)  local_evidence_boost
        ┌─── REQUEST ───────────────────────────────────────────
        │ paper_id: PMC11997790
        │ requirement_id: H1
        │ focus: comparative_numerical
        └──────────────────────────────────────────────────────
        ┌─── RESPONSE ──────────────────────────────────────────
        │ boosted: ['PMC11997790_ivaf042-T2_row_9', 'PMC11997790_ivaf042-T2_row_12', 'PMC11997790_ivaf042-F1']
        └──────────────────────────────────────────────────────

[  41] [2026-08-23T17:20:46.697]  + 35788.9ms  (       —)  local_search_PMC11997790_H1
        ┌─── REQUEST ───────────────────────────────────────────
        │ paper_id: PMC11997790
        │ requirement_id: H1
        │ navigation_query: Find the Results sections, tables, and table footnotes that report surgical repair techniques associated with recurrent coarctation including percentage, p-value.
        │ n_variants: 4
        │ n_paper_chunks: 131
        │ pageindex_status: success
        └──────────────────────────────────────────────────────
        ┌─── RESPONSE ──────────────────────────────────────────
        │ bm25+pgvector_fused: 28
        │ candidates: 33
        │ pageindex_chunks: 99
        │ top: [{'chunk_id': 'PMC11997790_ivaf042-T2_row_0', 'type': 'table_row', 'rank': 1, 'pageindex': True, 'table_id': 'ivaf042-T2'}, {'chunk_id': 'PMC11997790_4', 'type': 'paragraph', 'rank': 2, 'pageindex': False, 'table_id': None}, {'chunk_id': 'PMC11997790_0', 'type': 'paragraph', 'rank': 3, 'pageindex': 
        │ top:     ... [344 chars truncated] ...
        │ top:     nk': 6, 'pageindex': True, 'table_id': 'ivaf042-T2'}, {'chunk_id': 'PMC11997790_ivaf042-T2_row_8', 'type': 'table_row', 'rank': 7, 'pageindex': True, 'table_id': 'ivaf042-T2'}, {'chunk_id': 'PMC11997790_ivaf042-T1_row_13', 'type': 'table_row', 'rank': 8, 'pageindex': True, 'table_id': 'ivaf042-T1'}]
        └──────────────────────────────────────────────────────

[  42] [2026-08-23T17:20:46.699]  + 35790.4ms  (       —)  PAGEINDEX_LOAD
        ┌─── REQUEST ───────────────────────────────────────────
        │ paper_id: PMC12009809
        │ artifact: index/pageindex/PMC12009809.json
        └──────────────────────────────────────────────────────
        ┌─── RESPONSE ──────────────────────────────────────────
        │ status: success
        │ n_chunks: 146
        │ n_tree_nodes: 93
        │ format: pageindex md_to_tree (hierarchy-first)
        └──────────────────────────────────────────────────────

[  43] [2026-08-23T17:20:46.701]  + 35792.3ms  (       —)  PAGEINDEX_SEARCH
        ┌─── REQUEST ───────────────────────────────────────────
        │ paper_id: PMC12009809
        │ requirement_id: H1
        │ query: Find the Results sections, tables, and table footnotes that report surgical repair techniques associated with recurrent coarctation including percentage, p-value.
        │ top_k: 8
        └──────────────────────────────────────────────────────
        ┌─── RESPONSE ──────────────────────────────────────────
        │ selected_nodes: [{'node_id': '0070', 'title': 'Beta-blockers (Table 1) are currently considered the...', 'section': 'Therapies for hypertension in repaired-AoC > Beta-blockers (BB) > Beta-blockers (Table 1) are currently considered the...', 'relevance': 1.0}, {'node_id': '0071', 'title': 'Table T1', 'section': 'The
        │ selected_nodes:     ... [1109 chars truncated] ...
        │ selected_nodes:     ypertension in repaired-AoC > Angiotensin converter enzyme inhibitors (ACE-I) and angiotensin receptor blockers (ARB) > Table T4', 'relevance': 1.0}, {'node_id': '0054', 'title': 'Figure F4', 'section': 'Diagnostic workup > Anatomical assessment of the aortic arch > Figure F4', 'relevance': 0.5584}]
        │ reasons: ['title matches table; text matches p; tabular evidence region', 'title matches table; text matches p; tabular evidence region', 'title matches table, p; tabular evidence region', 'title matches table; text matches p; tabular evidence region', 'title matches table; text matches p; tabular evidence region', 'title matches table; text matches p; tabular evidence region', 'title matches table; text matches p; tabular evidence region', 'text matches surgical, associated, coarctation, p; figure region']
        │ status: success
        └──────────────────────────────────────────────────────

[  44] [2026-08-23T17:20:46.701]  + 35792.3ms  (       —)  PAGEINDEX_NODE_SELECTED
        ┌─── REQUEST ───────────────────────────────────────────
        │ paper_id: PMC12009809
        │ pageindex_node_id: 0070
        │ title: Beta-blockers (Table 1) are currently considered the...
        │ section: PMC12009809 > Therapies for hypertension in repaired-AoC > Beta-blockers (BB) > Beta-blockers (Table 1) are currently considered the...
        │ requirement_id: H1
        └──────────────────────────────────────────────────────
        ┌─── RESPONSE ──────────────────────────────────────────
        │ reason: title matches table; text matches p; tabular evidence region
        └──────────────────────────────────────────────────────

[  45] [2026-08-23T17:20:46.701]  + 35792.3ms  (       —)  PAGEINDEX_NODE_SELECTED
        ┌─── REQUEST ───────────────────────────────────────────
        │ paper_id: PMC12009809
        │ pageindex_node_id: 0071
        │ title: Table T1
        │ section: PMC12009809 > Therapies for hypertension in repaired-AoC > Beta-blockers (BB) > Table T1
        │ requirement_id: H1
        └──────────────────────────────────────────────────────
        ┌─── RESPONSE ──────────────────────────────────────────
        │ reason: title matches table; text matches p; tabular evidence region
        └──────────────────────────────────────────────────────

[  46] [2026-08-23T17:20:46.701]  + 35792.3ms  (       —)  PAGEINDEX_NODE_SELECTED
        ┌─── REQUEST ───────────────────────────────────────────
        │ paper_id: PMC12009809
        │ pageindex_node_id: 0075
        │ title: Calcium channel blockers (CCBs) (Table 2) play a piv...
        │ section: PMC12009809 > Therapies for hypertension in repaired-AoC > Calcium channel blockers (CCBs) > Calcium channel blockers (CCBs) (Table 2) play a piv...
        │ requirement_id: H1
        └──────────────────────────────────────────────────────
        ┌─── RESPONSE ──────────────────────────────────────────
        │ reason: title matches table, p; tabular evidence region
        └──────────────────────────────────────────────────────

[  47] [2026-08-23T17:20:46.701]  + 35792.4ms  (       —)  PAGEINDEX_NODE_SELECTED
        ┌─── REQUEST ───────────────────────────────────────────
        │ paper_id: PMC12009809
        │ pageindex_node_id: 0076
        │ title: Table T2
        │ section: PMC12009809 > Therapies for hypertension in repaired-AoC > Calcium channel blockers (CCBs) > Table T2
        │ requirement_id: H1
        └──────────────────────────────────────────────────────
        ┌─── RESPONSE ──────────────────────────────────────────
        │ reason: title matches table; text matches p; tabular evidence region
        └──────────────────────────────────────────────────────

[  48] [2026-08-23T17:20:46.701]  + 35792.4ms  (       —)  PAGEINDEX_NODE_SELECTED
        ┌─── REQUEST ───────────────────────────────────────────
        │ paper_id: PMC12009809
        │ pageindex_node_id: 0079
        │ title: ACE-I (Table 3) are a common first-line treatment fo...
        │ section: PMC12009809 > Therapies for hypertension in repaired-AoC > Angiotensin converter enzyme inhibitors (ACE-I) and angiotensin receptor blockers (ARB) > ACE-I (Table 3) are a common first-line treatment fo...
        │ requirement_id: H1
        └──────────────────────────────────────────────────────
        ┌─── RESPONSE ──────────────────────────────────────────
        │ reason: title matches table; text matches p; tabular evidence region
        └──────────────────────────────────────────────────────

[  49] [2026-08-23T17:20:46.701]  + 35792.4ms  (       —)  PAGEINDEX_NODE_SELECTED
        ┌─── REQUEST ───────────────────────────────────────────
        │ paper_id: PMC12009809
        │ pageindex_node_id: 0080
        │ title: Table T3
        │ section: PMC12009809 > Therapies for hypertension in repaired-AoC > Angiotensin converter enzyme inhibitors (ACE-I) and angiotensin receptor blockers (ARB) > Table T3
        │ requirement_id: H1
        └──────────────────────────────────────────────────────
        ┌─── RESPONSE ──────────────────────────────────────────
        │ reason: title matches table; text matches p; tabular evidence region
        └──────────────────────────────────────────────────────

[  50] [2026-08-23T17:20:46.701]  + 35792.4ms  (       —)  PAGEINDEX_NODE_SELECTED
        ┌─── REQUEST ───────────────────────────────────────────
        │ paper_id: PMC12009809
        │ pageindex_node_id: 0082
        │ title: Table T4
        │ section: PMC12009809 > Therapies for hypertension in repaired-AoC > Angiotensin converter enzyme inhibitors (ACE-I) and angiotensin receptor blockers (ARB) > Table T4
        │ requirement_id: H1
        └──────────────────────────────────────────────────────
        ┌─── RESPONSE ──────────────────────────────────────────
        │ reason: title matches table; text matches p; tabular evidence region
        └──────────────────────────────────────────────────────

[  51] [2026-08-23T17:20:46.701]  + 35792.5ms  (       —)  PAGEINDEX_NODE_SELECTED
        ┌─── REQUEST ───────────────────────────────────────────
        │ paper_id: PMC12009809
        │ pageindex_node_id: 0054
        │ title: Figure F4
        │ section: PMC12009809 > Diagnostic workup > Anatomical assessment of the aortic arch > Figure F4
        │ requirement_id: H1
        └──────────────────────────────────────────────────────
        ┌─── RESPONSE ──────────────────────────────────────────
        │ reason: text matches surgical, associated, coarctation, p; figure region
        └──────────────────────────────────────────────────────

[  52] [2026-08-23T17:20:46.701]  + 35792.5ms  (       —)  local_pageindex
        ┌─── REQUEST ───────────────────────────────────────────
        │ paper_id: PMC12009809
        │ requirement_id: H1
        │ status: success
        │ navigation_query: Find the Results sections, tables, and table footnotes that report surgical repair techniques associated with recurrent coarctation including percentage, p-value.
        └──────────────────────────────────────────────────────
        ┌─── RESPONSE ──────────────────────────────────────────
        │ nav_chunks: [96 items: ['PMC12009809_37', 'PMC12009809_40', 'PMC12009809_42'] ... ['PMC12009809_T4_row_9', 'PMC12009809_T4_summary']]
        │ n_nav_chunks: 96
        └──────────────────────────────────────────────────────

[  53] [2026-08-23T17:20:46.796]  + 35887.4ms  (       —)  local_evidence_boost
        ┌─── REQUEST ───────────────────────────────────────────
        │ paper_id: PMC12009809
        │ requirement_id: H1
        │ focus: comparative_numerical
        └──────────────────────────────────────────────────────
        ┌─── RESPONSE ──────────────────────────────────────────
        │ boosted: ['PMC12009809_F1']
        └──────────────────────────────────────────────────────

[  54] [2026-08-23T17:20:46.822]  + 35913.4ms  (       —)  local_search_PMC12009809_H1
        ┌─── REQUEST ───────────────────────────────────────────
        │ paper_id: PMC12009809
        │ requirement_id: H1
        │ navigation_query: Find the Results sections, tables, and table footnotes that report surgical repair techniques associated with recurrent coarctation including percentage, p-value.
        │ n_variants: 4
        │ n_paper_chunks: 146
        │ pageindex_status: success
        └──────────────────────────────────────────────────────
        ┌─── RESPONSE ──────────────────────────────────────────
        │ bm25+pgvector_fused: 26
        │ candidates: 29
        │ pageindex_chunks: 96
        │ top: [{'chunk_id': 'PMC12009809_7', 'type': 'paragraph', 'rank': 1, 'pageindex': False, 'table_id': None}, {'chunk_id': 'PMC12009809_6', 'type': 'paragraph', 'rank': 2, 'pageindex': False, 'table_id': None}, {'chunk_id': 'PMC12009809_15', 'type': 'paragraph', 'rank': 3, 'pageindex': False, 'table_id': No
        │ top:     ... [204 chars truncated] ...
        │ top:     }, {'chunk_id': 'PMC12009809_0', 'type': 'paragraph', 'rank': 6, 'pageindex': False, 'table_id': None}, {'chunk_id': 'PMC12009809_F4', 'type': 'figure', 'rank': 7, 'pageindex': True, 'table_id': None}, {'chunk_id': 'PMC12009809_F3', 'type': 'figure', 'rank': 8, 'pageindex': False, 'table_id': None}]
        └──────────────────────────────────────────────────────

[  55] [2026-08-23T17:20:46.822]  + 35913.8ms  (       —)  PAGEINDEX_LOAD
        ┌─── REQUEST ───────────────────────────────────────────
        │ paper_id: PMC12014972
        │ artifact: index/pageindex/PMC12014972.json
        └──────────────────────────────────────────────────────
        ┌─── RESPONSE ──────────────────────────────────────────
        │ status: success
        │ n_chunks: 13
        │ n_tree_nodes: 26
        │ format: pageindex md_to_tree (hierarchy-first)
        └──────────────────────────────────────────────────────

[  56] [2026-08-23T17:20:46.823]  + 35914.5ms  (       —)  PAGEINDEX_SEARCH
        ┌─── REQUEST ───────────────────────────────────────────
        │ paper_id: PMC12014972
        │ requirement_id: H1
        │ query: Find the Results sections, tables, and table footnotes that report surgical repair techniques associated with recurrent coarctation including percentage, p-value.
        │ top_k: 8
        └──────────────────────────────────────────────────────
        ┌─── RESPONSE ──────────────────────────────────────────
        │ selected_nodes: [{'node_id': '0003', 'title': 'Transcatheter stenting has become the preferred trea...', 'section': 'Abstract > Background > Transcatheter stenting has become the preferred trea...', 'relevance': 1.0}, {'node_id': '0009', 'title': 'Coarctation of the aorta (CoA) accounts for 5–8% of...', 'section': 
        │ selected_nodes:     ... [871 chars truncated] ...
        │ selected_nodes:     724}, {'node_id': '0016', 'title': 'Proximal stent migration is challenging and generall...', 'section': 'Discussion > Proximal stent migration is challenging and generall...', 'relevance': 0.7218}, {'node_id': '0006', 'title': 'Conclusions', 'section': 'Abstract > Conclusions', 'relevance': 0.669}]
        │ reasons: ['title matches p; text matches surgical, recurrent, coarctation', 'title matches coarctation; text matches recurrent, p', 'text matches surgical, p', 'title matches p; text matches surgical, coarctation; Discussion section', 'title matches coarctation, p', 'title matches p; text matches techniques, coarctation', 'title matches p; text matches surgical; Discussion section', 'structural navigation candidate']
        │ status: success
        └──────────────────────────────────────────────────────

[  57] [2026-08-23T17:20:46.823]  + 35914.5ms  (       —)  PAGEINDEX_NODE_SELECTED
        ┌─── REQUEST ───────────────────────────────────────────
        │ paper_id: PMC12014972
        │ pageindex_node_id: 0003
        │ title: Transcatheter stenting has become the preferred trea...
        │ section: PMC12014972 > Abstract > Background > Transcatheter stenting has become the preferred trea...
        │ requirement_id: H1
        └──────────────────────────────────────────────────────
        ┌─── RESPONSE ──────────────────────────────────────────
        │ reason: title matches p; text matches surgical, recurrent, coarctation
        └──────────────────────────────────────────────────────

[  58] [2026-08-23T17:20:46.823]  + 35914.6ms  (       —)  PAGEINDEX_NODE_SELECTED
        ┌─── REQUEST ───────────────────────────────────────────
        │ paper_id: PMC12014972
        │ pageindex_node_id: 0009
        │ title: Coarctation of the aorta (CoA) accounts for 5–8% of...
        │ section: PMC12014972 > Background > Coarctation of the aorta (CoA) accounts for 5–8% of...
        │ requirement_id: H1
        └──────────────────────────────────────────────────────
        ┌─── RESPONSE ──────────────────────────────────────────
        │ reason: title matches coarctation; text matches recurrent, p
        └──────────────────────────────────────────────────────

[  59] [2026-08-23T17:20:46.823]  + 35914.6ms  (       —)  PAGEINDEX_NODE_SELECTED
        ┌─── REQUEST ───────────────────────────────────────────
        │ paper_id: PMC12014972
        │ pageindex_node_id: 0007
        │ title: Our case illustrates the transcatheter management of...
        │ section: PMC12014972 > Abstract > Conclusions > Our case illustrates the transcatheter management of...
        │ requirement_id: H1
        └──────────────────────────────────────────────────────
        ┌─── RESPONSE ──────────────────────────────────────────
        │ reason: text matches surgical, p
        └──────────────────────────────────────────────────────

[  60] [2026-08-23T17:20:46.823]  + 35914.6ms  (       —)  PAGEINDEX_NODE_SELECTED
        ┌─── REQUEST ───────────────────────────────────────────
        │ paper_id: PMC12014972
        │ pageindex_node_id: 0015
        │ title: We describe a rare but potentially life-threatening...
        │ section: PMC12014972 > Discussion > We describe a rare but potentially life-threatening...
        │ requirement_id: H1
        └──────────────────────────────────────────────────────
        ┌─── RESPONSE ──────────────────────────────────────────
        │ reason: title matches p; text matches surgical, coarctation; Discussion section
        └──────────────────────────────────────────────────────

[  61] [2026-08-23T17:20:46.823]  + 35914.6ms  (       —)  PAGEINDEX_NODE_SELECTED
        ┌─── REQUEST ───────────────────────────────────────────
        │ paper_id: PMC12014972
        │ pageindex_node_id: 0020
        │ title: AbbreviationsCoACoarctation of the aortaITPIdiopathi...
        │ section: PMC12014972 > Back Matter > AbbreviationsCoACoarctation of the aortaITPIdiopathi...
        │ requirement_id: H1
        └──────────────────────────────────────────────────────
        ┌─── RESPONSE ──────────────────────────────────────────
        │ reason: title matches coarctation, p
        └──────────────────────────────────────────────────────

[  62] [2026-08-23T17:20:46.823]  + 35914.6ms  (       —)  PAGEINDEX_NODE_SELECTED
        ┌─── REQUEST ───────────────────────────────────────────
        │ paper_id: PMC12014972
        │ pageindex_node_id: 0018
        │ title: This case highlights the rare but challenging compli...
        │ section: PMC12014972 > Conclusions > This case highlights the rare but challenging compli...
        │ requirement_id: H1
        └──────────────────────────────────────────────────────
        ┌─── RESPONSE ──────────────────────────────────────────
        │ reason: title matches p; text matches techniques, coarctation
        └──────────────────────────────────────────────────────

[  63] [2026-08-23T17:20:46.823]  + 35914.7ms  (       —)  PAGEINDEX_NODE_SELECTED
        ┌─── REQUEST ───────────────────────────────────────────
        │ paper_id: PMC12014972
        │ pageindex_node_id: 0016
        │ title: Proximal stent migration is challenging and generall...
        │ section: PMC12014972 > Discussion > Proximal stent migration is challenging and generall...
        │ requirement_id: H1
        └──────────────────────────────────────────────────────
        ┌─── RESPONSE ──────────────────────────────────────────
        │ reason: title matches p; text matches surgical; Discussion section
        └──────────────────────────────────────────────────────

[  64] [2026-08-23T17:20:46.823]  + 35914.7ms  (       —)  PAGEINDEX_NODE_SELECTED
        ┌─── REQUEST ───────────────────────────────────────────
        │ paper_id: PMC12014972
        │ pageindex_node_id: 0006
        │ title: Conclusions
        │ section: PMC12014972 > Abstract > Conclusions
        │ requirement_id: H1
        └──────────────────────────────────────────────────────
        ┌─── RESPONSE ──────────────────────────────────────────
        │ reason: structural navigation candidate
        └──────────────────────────────────────────────────────

[  65] [2026-08-23T17:20:46.823]  + 35914.7ms  (       —)  local_pageindex
        ┌─── REQUEST ───────────────────────────────────────────
        │ paper_id: PMC12014972
        │ requirement_id: H1
        │ status: success
        │ navigation_query: Find the Results sections, tables, and table footnotes that report surgical repair techniques associated with recurrent coarctation including percentage, p-value.
        └──────────────────────────────────────────────────────
        ┌─── RESPONSE ──────────────────────────────────────────
        │ nav_chunks: ['PMC12014972_0', 'PMC12014972_10', 'PMC12014972_2', 'PMC12014972_3', 'PMC12014972_7', 'PMC12014972_8', 'PMC12014972_9']
        │ n_nav_chunks: 7
        └──────────────────────────────────────────────────────

[  66] [2026-08-23T17:20:46.910]  + 36001.3ms  (       —)  local_search_PMC12014972_H1
        ┌─── REQUEST ───────────────────────────────────────────
        │ paper_id: PMC12014972
        │ requirement_id: H1
        │ navigation_query: Find the Results sections, tables, and table footnotes that report surgical repair techniques associated with recurrent coarctation including percentage, p-value.
        │ n_variants: 4
        │ n_paper_chunks: 13
        │ pageindex_status: success
        └──────────────────────────────────────────────────────
        ┌─── RESPONSE ──────────────────────────────────────────
        │ bm25+pgvector_fused: 13
        │ candidates: 10
        │ pageindex_chunks: 7
        │ top: [{'chunk_id': 'PMC12014972_3', 'type': 'paragraph', 'rank': 1, 'pageindex': True, 'table_id': None}, {'chunk_id': 'PMC12014972_0', 'type': 'paragraph', 'rank': 2, 'pageindex': True, 'table_id': None}, {'chunk_id': 'PMC12014972_9', 'type': 'paragraph', 'rank': 3, 'pageindex': True, 'table_id': None},
        │ top:     ... [202 chars truncated] ...
        │ top:     'chunk_id': 'PMC12014972_2', 'type': 'paragraph', 'rank': 6, 'pageindex': True, 'table_id': None}, {'chunk_id': 'PMC12014972_1', 'type': 'paragraph', 'rank': 7, 'pageindex': False, 'table_id': None}, {'chunk_id': 'PMC12014972_6', 'type': 'paragraph', 'rank': 8, 'pageindex': False, 'table_id': None}]
        └──────────────────────────────────────────────────────

[  67] [2026-08-23T17:20:46.911]  + 36002.5ms  (       —)  PAGEINDEX_LOAD
        ┌─── REQUEST ───────────────────────────────────────────
        │ paper_id: PMC11970464
        │ artifact: index/pageindex/PMC11970464.json
        └──────────────────────────────────────────────────────
        ┌─── RESPONSE ──────────────────────────────────────────
        │ status: success
        │ n_chunks: 65
        │ n_tree_nodes: 50
        │ format: pageindex md_to_tree (hierarchy-first)
        └──────────────────────────────────────────────────────

[  68] [2026-08-23T17:20:46.912]  + 36003.7ms  (       —)  PAGEINDEX_SEARCH
        ┌─── REQUEST ───────────────────────────────────────────
        │ paper_id: PMC11970464
        │ requirement_id: H1
        │ query: Find the Results sections, tables, and table footnotes that report surgical repair techniques associated with recurrent coarctation including percentage, p-value.
        │ top_k: 8
        └──────────────────────────────────────────────────────
        ┌─── RESPONSE ──────────────────────────────────────────
        │ selected_nodes: [{'node_id': '0036', 'title': 'Table TB0920247337pcc-2', 'section': 'Results > Table TB0920247337pcc-2', 'relevance': 1.0}, {'node_id': '0019', 'title': 'Table TB0920247337pcc-1', 'section': 'Patients and Methods > Surgical Procedure > Table TB0920247337pcc-1', 'relevance': 0.8727}, {'node_id': '003
        │ selected_nodes:     ... [622 chars truncated] ...
        │ selected_nodes:     ion': 'Discussion > The results of the postnatal anatomical LSVC correct...', 'relevance': 0.4388}, {'node_id': '0007', 'title': 'Follow-up showed 90% survival at 3.3 ± 0.4 years. Me...', 'section': 'Abstract > Results > Follow-up showed 90% survival at 3.3 ± 0.4 years. Me...', 'relevance': 0.4187}]
        │ reasons: ['title matches table, p; text matches surgical, repair, value; tabular evidence region', 'title matches table, p; text matches repair; tabular evidence region', 'title matches p; text matches value; figure region', 'title matches p; text matches surgical, repair; figure region', 'title matches p; figure region', 'title matches p; figure region', 'title matches results, p; text matches repair; Results section', 'title matches p; text matches repair; Results section']
        │ status: success
        └──────────────────────────────────────────────────────

[  69] [2026-08-23T17:20:46.912]  + 36003.8ms  (       —)  PAGEINDEX_NODE_SELECTED
        ┌─── REQUEST ───────────────────────────────────────────
        │ paper_id: PMC11970464
        │ pageindex_node_id: 0036
        │ title: Table TB0920247337pcc-2
        │ section: PMC11970464 > Results > Table TB0920247337pcc-2
        │ requirement_id: H1
        └──────────────────────────────────────────────────────
        ┌─── RESPONSE ──────────────────────────────────────────
        │ reason: title matches table, p; text matches surgical, repair, value; tabular evidence region
        └──────────────────────────────────────────────────────

[  70] [2026-08-23T17:20:46.912]  + 36003.8ms  (       —)  PAGEINDEX_NODE_SELECTED
        ┌─── REQUEST ───────────────────────────────────────────
        │ paper_id: PMC11970464
        │ pageindex_node_id: 0019
        │ title: Table TB0920247337pcc-1
        │ section: PMC11970464 > Patients and Methods > Surgical Procedure > Table TB0920247337pcc-1
        │ requirement_id: H1
        └──────────────────────────────────────────────────────
        ┌─── RESPONSE ──────────────────────────────────────────
        │ reason: title matches table, p; text matches repair; tabular evidence region
        └──────────────────────────────────────────────────────

[  71] [2026-08-23T17:20:46.912]  + 36003.8ms  (       —)  PAGEINDEX_NODE_SELECTED
        ┌─── REQUEST ───────────────────────────────────────────
        │ paper_id: PMC11970464
        │ pageindex_node_id: 0033
        │ title: Figure FI0920247337pcc-4
        │ section: PMC11970464 > Results > Figure FI0920247337pcc-4
        │ requirement_id: H1
        └──────────────────────────────────────────────────────
        ┌─── RESPONSE ──────────────────────────────────────────
        │ reason: title matches p; text matches value; figure region
        └──────────────────────────────────────────────────────

[  72] [2026-08-23T17:20:46.912]  + 36003.8ms  (       —)  PAGEINDEX_NODE_SELECTED
        ┌─── REQUEST ───────────────────────────────────────────
        │ paper_id: PMC11970464
        │ pageindex_node_id: 0018
        │ title: Figure FI0920247337pcc-1
        │ section: PMC11970464 > Patients and Methods > Surgical Procedure > Figure FI0920247337pcc-1
        │ requirement_id: H1
        └──────────────────────────────────────────────────────
        ┌─── RESPONSE ──────────────────────────────────────────
        │ reason: title matches p; text matches surgical, repair; figure region
        └──────────────────────────────────────────────────────

[  73] [2026-08-23T17:20:46.912]  + 36003.9ms  (       —)  PAGEINDEX_NODE_SELECTED
        ┌─── REQUEST ───────────────────────────────────────────
        │ paper_id: PMC11970464
        │ pageindex_node_id: 0032
        │ title: Figure FI0920247337pcc-3
        │ section: PMC11970464 > Results > Figure FI0920247337pcc-3
        │ requirement_id: H1
        └──────────────────────────────────────────────────────
        ┌─── RESPONSE ──────────────────────────────────────────
        │ reason: title matches p; figure region
        └──────────────────────────────────────────────────────

[  74] [2026-08-23T17:20:46.912]  + 36003.9ms  (       —)  PAGEINDEX_NODE_SELECTED
        ┌─── REQUEST ───────────────────────────────────────────
        │ paper_id: PMC11970464
        │ pageindex_node_id: 0034
        │ title: Figure FI0920247337pcc-5
        │ section: PMC11970464 > Results > Figure FI0920247337pcc-5
        │ requirement_id: H1
        └──────────────────────────────────────────────────────
        ┌─── RESPONSE ──────────────────────────────────────────
        │ reason: title matches p; figure region
        └──────────────────────────────────────────────────────

[  75] [2026-08-23T17:20:46.912]  + 36003.9ms  (       —)  PAGEINDEX_NODE_SELECTED
        ┌─── REQUEST ───────────────────────────────────────────
        │ paper_id: PMC11970464
        │ pageindex_node_id: 0040
        │ title: The results of the postnatal anatomical LSVC correct...
        │ section: PMC11970464 > Discussion > The results of the postnatal anatomical LSVC correct...
        │ requirement_id: H1
        └──────────────────────────────────────────────────────
        ┌─── RESPONSE ──────────────────────────────────────────
        │ reason: title matches results, p; text matches repair; Results section
        └──────────────────────────────────────────────────────

[  76] [2026-08-23T17:20:46.912]  + 36003.9ms  (       —)  PAGEINDEX_NODE_SELECTED
        ┌─── REQUEST ───────────────────────────────────────────
        │ paper_id: PMC11970464
        │ pageindex_node_id: 0007
        │ title: Follow-up showed 90% survival at 3.3 ± 0.4 years. Me...
        │ section: PMC11970464 > Abstract > Results > Follow-up showed 90% survival at 3.3 ± 0.4 years. Me...
        │ requirement_id: H1
        └──────────────────────────────────────────────────────
        ┌─── RESPONSE ──────────────────────────────────────────
        │ reason: title matches p; text matches repair; Results section
        └──────────────────────────────────────────────────────

[  77] [2026-08-23T17:20:46.912]  + 36004.0ms  (       —)  local_pageindex
        ┌─── REQUEST ───────────────────────────────────────────
        │ paper_id: PMC11970464
        │ requirement_id: H1
        │ status: success
        │ navigation_query: Find the Results sections, tables, and table footnotes that report surgical repair techniques associated with recurrent coarctation including percentage, p-value.
        └──────────────────────────────────────────────────────
        ┌─── RESPONSE ──────────────────────────────────────────
        │ nav_chunks: [41 items: ['PMC11970464_18', 'PMC11970464_2', 'PMC11970464_FI0920247337pcc-1'] ... ['PMC11970464_TB0920247337pcc-2_row_2', 'PMC11970464_TB0920247337pcc-2_summary']]
        │ n_nav_chunks: 41
        └──────────────────────────────────────────────────────

[  78] [2026-08-23T17:20:47.008]  + 36099.8ms  (       —)  local_evidence_boost
        ┌─── REQUEST ───────────────────────────────────────────
        │ paper_id: PMC11970464
        │ requirement_id: H1
        │ focus: comparative_numerical
        └──────────────────────────────────────────────────────
        ┌─── RESPONSE ──────────────────────────────────────────
        │ boosted: ['PMC11970464_TB0920247337pcc-1_row_17', 'PMC11970464_TB0920247337pcc-1_row_3']
        └──────────────────────────────────────────────────────

[  79] [2026-08-23T17:20:47.043]  + 36135.2ms  (       —)  local_search_PMC11970464_H1
        ┌─── REQUEST ───────────────────────────────────────────
        │ paper_id: PMC11970464
        │ requirement_id: H1
        │ navigation_query: Find the Results sections, tables, and table footnotes that report surgical repair techniques associated with recurrent coarctation including percentage, p-value.
        │ n_variants: 4
        │ n_paper_chunks: 65
        │ pageindex_status: success
        └──────────────────────────────────────────────────────
        ┌─── RESPONSE ──────────────────────────────────────────
        │ bm25+pgvector_fused: 28
        │ candidates: 21
        │ pageindex_chunks: 41
        │ top: [{'chunk_id': 'PMC11970464_TB0920247337pcc-1_row_13', 'type': 'table_row', 'rank': 1, 'pageindex': True, 'table_id': 'TB0920247337pcc-1'}, {'chunk_id': 'PMC11970464_TB0920247337pcc-1_row_9', 'type': 'table_row', 'rank': 2, 'pageindex': True, 'table_id': 'TB0920247337pcc-1'}, {'chunk_id': 'PMC1197046
        │ top:     ... [500 chars truncated] ...
        │ top:     ': 'TB0920247337pcc-1'}, {'chunk_id': 'PMC11970464_TB0920247337pcc-1_row_14', 'type': 'table_row', 'rank': 7, 'pageindex': True, 'table_id': 'TB0920247337pcc-1'}, {'chunk_id': 'PMC11970464_TB0920247337pcc-1_row_15', 'type': 'table_row', 'rank': 8, 'pageindex': True, 'table_id': 'TB0920247337pcc-1'}]
        └──────────────────────────────────────────────────────

[  80] [2026-08-23T17:20:47.045]  + 36136.6ms  (       —)  PAGEINDEX_LOAD
        ┌─── REQUEST ───────────────────────────────────────────
        │ paper_id: PMC12028424
        │ artifact: index/pageindex/PMC12028424.json
        └──────────────────────────────────────────────────────
        ┌─── RESPONSE ──────────────────────────────────────────
        │ status: success
        │ n_chunks: 84
        │ n_tree_nodes: 44
        │ format: pageindex md_to_tree (hierarchy-first)
        └──────────────────────────────────────────────────────

[  81] [2026-08-23T17:20:47.046]  + 36137.7ms  (       —)  PAGEINDEX_SEARCH
        ┌─── REQUEST ───────────────────────────────────────────
        │ paper_id: PMC12028424
        │ requirement_id: H1
        │ query: Find the Results sections, tables, and table footnotes that report surgical repair techniques associated with recurrent coarctation including percentage, p-value.
        │ top_k: 8
        └──────────────────────────────────────────────────────
        ┌─── RESPONSE ──────────────────────────────────────────
        │ selected_nodes: [{'node_id': '0019', 'title': 'Table 3 shows the results of the univariate analysis...', 'section': '3. Results > 3.3. Logistic Regression > Table 3 shows the results of the univariate analysis...', 'relevance': 1.0}, {'node_id': '0036', 'title': 'Table life-15-00656-t003', 'section': 'Figures and T
        │ selected_nodes:     ... [593 chars truncated] ...
        │ selected_nodes:     'relevance': 0.7921}, {'node_id': '0032', 'title': 'Figures and Tables', 'section': 'Figures and Tables', 'relevance': 0.6774}, {'node_id': '0014', 'title': '3.1. Coarctation of the Aorta—Characteristics', 'section': '3. Results > 3.1. Coarctation of the Aorta—Characteristics', 'relevance': 0.4158}]
        │ reasons: ['title matches results, table; text matches p, value; tabular evidence region', 'title matches table; text matches associated, p; tabular evidence region', 'title matches table; text matches repair, p; tabular evidence region', 'title matches table; text matches p; tabular evidence region', 'title matches table; text matches p; tabular evidence region', 'text matches p; tabular evidence region', 'title matches tables, table; tabular evidence region', 'title matches coarctation; Results section']
        │ status: success
        └──────────────────────────────────────────────────────

[  82] [2026-08-23T17:20:47.046]  + 36137.8ms  (       —)  PAGEINDEX_NODE_SELECTED
        ┌─── REQUEST ───────────────────────────────────────────
        │ paper_id: PMC12028424
        │ pageindex_node_id: 0019
        │ title: Table 3 shows the results of the univariate analysis...
        │ section: PMC12028424 > 3. Results > 3.3. Logistic Regression > Table 3 shows the results of the univariate analysis...
        │ requirement_id: H1
        └──────────────────────────────────────────────────────
        ┌─── RESPONSE ──────────────────────────────────────────
        │ reason: title matches results, table; text matches p, value; tabular evidence region
        └──────────────────────────────────────────────────────

[  83] [2026-08-23T17:20:47.046]  + 36137.8ms  (       —)  PAGEINDEX_NODE_SELECTED
        ┌─── REQUEST ───────────────────────────────────────────
        │ paper_id: PMC12028424
        │ pageindex_node_id: 0036
        │ title: Table life-15-00656-t003
        │ section: PMC12028424 > Figures and Tables > Table life-15-00656-t003
        │ requirement_id: H1
        └──────────────────────────────────────────────────────
        ┌─── RESPONSE ──────────────────────────────────────────
        │ reason: title matches table; text matches associated, p; tabular evidence region
        └──────────────────────────────────────────────────────

[  84] [2026-08-23T17:20:47.046]  + 36137.8ms  (       —)  PAGEINDEX_NODE_SELECTED
        ┌─── REQUEST ───────────────────────────────────────────
        │ paper_id: PMC12028424
        │ pageindex_node_id: 0037
        │ title: Table life-15-00656-t004
        │ section: PMC12028424 > Figures and Tables > Table life-15-00656-t004
        │ requirement_id: H1
        └──────────────────────────────────────────────────────
        ┌─── RESPONSE ──────────────────────────────────────────
        │ reason: title matches table; text matches repair, p; tabular evidence region
        └──────────────────────────────────────────────────────

[  85] [2026-08-23T17:20:47.046]  + 36137.9ms  (       —)  PAGEINDEX_NODE_SELECTED
        ┌─── REQUEST ───────────────────────────────────────────
        │ paper_id: PMC12028424
        │ pageindex_node_id: 0034
        │ title: Table life-15-00656-t001
        │ section: PMC12028424 > Figures and Tables > Table life-15-00656-t001
        │ requirement_id: H1
        └──────────────────────────────────────────────────────
        ┌─── RESPONSE ──────────────────────────────────────────
        │ reason: title matches table; text matches p; tabular evidence region
        └──────────────────────────────────────────────────────

[  86] [2026-08-23T17:20:47.046]  + 36137.9ms  (       —)  PAGEINDEX_NODE_SELECTED
        ┌─── REQUEST ───────────────────────────────────────────
        │ paper_id: PMC12028424
        │ pageindex_node_id: 0035
        │ title: Table life-15-00656-t002
        │ section: PMC12028424 > Figures and Tables > Table life-15-00656-t002
        │ requirement_id: H1
        └──────────────────────────────────────────────────────
        ┌─── RESPONSE ──────────────────────────────────────────
        │ reason: title matches table; text matches p; tabular evidence region
        └──────────────────────────────────────────────────────

[  87] [2026-08-23T17:20:47.046]  + 36137.9ms  (       —)  PAGEINDEX_NODE_SELECTED
        ┌─── REQUEST ───────────────────────────────────────────
        │ paper_id: PMC12028424
        │ pageindex_node_id: 0033
        │ title: Figure life-15-00656-f001
        │ section: PMC12028424 > Figures and Tables > Figure life-15-00656-f001
        │ requirement_id: H1
        └──────────────────────────────────────────────────────
        ┌─── RESPONSE ──────────────────────────────────────────
        │ reason: text matches p; tabular evidence region
        └──────────────────────────────────────────────────────

[  88] [2026-08-23T17:20:47.046]  + 36137.9ms  (       —)  PAGEINDEX_NODE_SELECTED
        ┌─── REQUEST ───────────────────────────────────────────
        │ paper_id: PMC12028424
        │ pageindex_node_id: 0032
        │ title: Figures and Tables
        │ section: PMC12028424 > Figures and Tables
        │ requirement_id: H1
        └──────────────────────────────────────────────────────
        ┌─── RESPONSE ──────────────────────────────────────────
        │ reason: title matches tables, table; tabular evidence region
        └──────────────────────────────────────────────────────

[  89] [2026-08-23T17:20:47.046]  + 36138.0ms  (       —)  PAGEINDEX_NODE_SELECTED
        ┌─── REQUEST ───────────────────────────────────────────
        │ paper_id: PMC12028424
        │ pageindex_node_id: 0014
        │ title: 3.1. Coarctation of the Aorta—Characteristics
        │ section: PMC12028424 > 3. Results > 3.1. Coarctation of the Aorta—Characteristics
        │ requirement_id: H1
        └──────────────────────────────────────────────────────
        ┌─── RESPONSE ──────────────────────────────────────────
        │ reason: title matches coarctation; Results section
        └──────────────────────────────────────────────────────

[  90] [2026-08-23T17:20:47.046]  + 36138.0ms  (       —)  local_pageindex
        ┌─── REQUEST ───────────────────────────────────────────
        │ paper_id: PMC12028424
        │ requirement_id: H1
        │ status: success
        │ navigation_query: Find the Results sections, tables, and table footnotes that report surgical repair techniques associated with recurrent coarctation including percentage, p-value.
        └──────────────────────────────────────────────────────
        ┌─── RESPONSE ──────────────────────────────────────────
        │ nav_chunks: [62 items: ['PMC12028424_10', 'PMC12028424_8', 'PMC12028424_life-15-00656-f001'] ... ['PMC12028424_life-15-00656-t004_row_7', 'PMC12028424_life-15-00656-t004_summary']]
        │ n_nav_chunks: 62
        └──────────────────────────────────────────────────────

[  91] [2026-08-23T17:20:47.148]  + 36239.7ms  (       —)  local_evidence_boost
        ┌─── REQUEST ───────────────────────────────────────────
        │ paper_id: PMC12028424
        │ requirement_id: H1
        │ focus: comparative_numerical
        └──────────────────────────────────────────────────────
        ┌─── RESPONSE ──────────────────────────────────────────
        │ boosted: ['PMC12028424_life-15-00656-t004_row_5', 'PMC12028424_life-15-00656-t004_summary']
        └──────────────────────────────────────────────────────

[  92] [2026-08-23T17:20:47.179]  + 36270.5ms  (       —)  local_search_PMC12028424_H1
        ┌─── REQUEST ───────────────────────────────────────────
        │ paper_id: PMC12028424
        │ requirement_id: H1
        │ navigation_query: Find the Results sections, tables, and table footnotes that report surgical repair techniques associated with recurrent coarctation including percentage, p-value.
        │ n_variants: 4
        │ n_paper_chunks: 84
        │ pageindex_status: success
        └──────────────────────────────────────────────────────
        ┌─── RESPONSE ──────────────────────────────────────────
        │ bm25+pgvector_fused: 25
        │ candidates: 23
        │ pageindex_chunks: 62
        │ top: [{'chunk_id': 'PMC12028424_0', 'type': 'paragraph', 'rank': 1, 'pageindex': False, 'table_id': None}, {'chunk_id': 'PMC12028424_life-15-00656-t004_row_3', 'type': 'table_row', 'rank': 2, 'pageindex': True, 'table_id': 'life-15-00656-t004'}, {'chunk_id': 'PMC12028424_2', 'type': 'paragraph', 'rank': 
        │ top:     ... [286 chars truncated] ...
        │ top:     hunk_id': 'PMC12028424_1', 'type': 'paragraph', 'rank': 6, 'pageindex': False, 'table_id': None}, {'chunk_id': 'PMC12028424_6', 'type': 'paragraph', 'rank': 7, 'pageindex': False, 'table_id': None}, {'chunk_id': 'PMC12028424_20', 'type': 'paragraph', 'rank': 8, 'pageindex': False, 'table_id': None}]
        └──────────────────────────────────────────────────────

[  93] [2026-08-23T17:20:47.180]  + 36271.4ms  (       —)  PAGEINDEX_LOAD
        ┌─── REQUEST ───────────────────────────────────────────
        │ paper_id: PMC12082946
        │ artifact: index/pageindex/PMC12082946.json
        └──────────────────────────────────────────────────────
        ┌─── RESPONSE ──────────────────────────────────────────
        │ status: success
        │ n_chunks: 33
        │ n_tree_nodes: 55
        │ format: pageindex md_to_tree (hierarchy-first)
        └──────────────────────────────────────────────────────

[  94] [2026-08-23T17:20:47.181]  + 36272.5ms  (       —)  PAGEINDEX_SEARCH
        ┌─── REQUEST ───────────────────────────────────────────
        │ paper_id: PMC12082946
        │ requirement_id: H1
        │ query: Find the Results sections, tables, and table footnotes that report surgical repair techniques associated with recurrent coarctation including percentage, p-value.
        │ top_k: 8
        └──────────────────────────────────────────────────────
        ┌─── RESPONSE ──────────────────────────────────────────
        │ selected_nodes: [{'node_id': '0030', 'title': 'Table 3 lists the echocardiographic data, including...', 'section': 'Results > Table 3 lists the echocardiographic data, including...', 'relevance': 1.0}, {'node_id': '0028', 'title': 'Table 1 shows the demographic and clinical character...', 'section': 'Results > Tabl
        │ selected_nodes:     ... [826 chars truncated] ...
        │ selected_nodes:     es,...', 'section': 'Results > The course of SC during pediatric age, morbidities,...', 'relevance': 0.4089}, {'node_id': '0040', 'title': 'In 76% of our patients, surgical interventions were...', 'section': 'Discussion > In 76% of our patients, surgical interventions were...', 'relevance': 0.3673}]
        │ reasons: ['title matches table, p; text matches value; tabular evidence region', 'title matches table, p; tabular evidence region', 'title matches table; text matches p; tabular evidence region', 'title matches table, p; tabular evidence region', 'text matches coarctation, p; Results section', 'title matches results; Results section', 'title matches p; text matches table, surgical; Results section', 'title matches surgical, p; text matches repair; Discussion section']
        │ status: success
        └──────────────────────────────────────────────────────

[  95] [2026-08-23T17:20:47.181]  + 36272.5ms  (       —)  PAGEINDEX_NODE_SELECTED
        ┌─── REQUEST ───────────────────────────────────────────
        │ paper_id: PMC12082946
        │ pageindex_node_id: 0030
        │ title: Table 3 lists the echocardiographic data, including...
        │ section: PMC12082946 > Results > Table 3 lists the echocardiographic data, including...
        │ requirement_id: H1
        └──────────────────────────────────────────────────────
        ┌─── RESPONSE ──────────────────────────────────────────
        │ reason: title matches table, p; text matches value; tabular evidence region
        └──────────────────────────────────────────────────────

[  96] [2026-08-23T17:20:47.181]  + 36272.6ms  (       —)  PAGEINDEX_NODE_SELECTED
        ┌─── REQUEST ───────────────────────────────────────────
        │ paper_id: PMC12082946
        │ pageindex_node_id: 0028
        │ title: Table 1 shows the demographic and clinical character...
        │ section: PMC12082946 > Results > Table 1 shows the demographic and clinical character...
        │ requirement_id: H1
        └──────────────────────────────────────────────────────
        ┌─── RESPONSE ──────────────────────────────────────────
        │ reason: title matches table, p; tabular evidence region
        └──────────────────────────────────────────────────────

[  97] [2026-08-23T17:20:47.181]  + 36272.6ms  (       —)  PAGEINDEX_NODE_SELECTED
        ┌─── REQUEST ───────────────────────────────────────────
        │ paper_id: PMC12082946
        │ pageindex_node_id: 0029
        │ title: Table 2 demonstrates the structural data of the incl...
        │ section: PMC12082946 > Results > Table 2 demonstrates the structural data of the incl...
        │ requirement_id: H1
        └──────────────────────────────────────────────────────
        ┌─── RESPONSE ──────────────────────────────────────────
        │ reason: title matches table; text matches p; tabular evidence region
        └──────────────────────────────────────────────────────

[  98] [2026-08-23T17:20:47.181]  + 36272.6ms  (       —)  PAGEINDEX_NODE_SELECTED
        ┌─── REQUEST ───────────────────────────────────────────
        │ paper_id: PMC12082946
        │ pageindex_node_id: 0033
        │ title: Table 6 compares the demographics, anthropometrics,...
        │ section: PMC12082946 > Results > Table 6 compares the demographics, anthropometrics,...
        │ requirement_id: H1
        └──────────────────────────────────────────────────────
        ┌─── RESPONSE ──────────────────────────────────────────
        │ reason: title matches table, p; tabular evidence region
        └──────────────────────────────────────────────────────

[  99] [2026-08-23T17:20:47.181]  + 36272.6ms  (       —)  PAGEINDEX_NODE_SELECTED
        ┌─── REQUEST ───────────────────────────────────────────
        │ paper_id: PMC12082946
        │ pageindex_node_id: 0007
        │ title: Twenty five cases were included;17 (68%) were males...
        │ section: PMC12082946 > Abstract > Results > Twenty five cases were included;17 (68%) were males...
        │ requirement_id: H1
        └──────────────────────────────────────────────────────
        ┌─── RESPONSE ──────────────────────────────────────────
        │ reason: text matches coarctation, p; Results section
        └──────────────────────────────────────────────────────

[ 100] [2026-08-23T17:20:47.181]  + 36272.7ms  (       —)  PAGEINDEX_NODE_SELECTED
        ┌─── REQUEST ───────────────────────────────────────────
        │ paper_id: PMC12082946
        │ pageindex_node_id: 0006
        │ title: Results
        │ section: PMC12082946 > Abstract > Results
        │ requirement_id: H1
        └──────────────────────────────────────────────────────
        ┌─── RESPONSE ──────────────────────────────────────────
        │ reason: title matches results; Results section
        └──────────────────────────────────────────────────────

[ 101] [2026-08-23T17:20:47.181]  + 36272.7ms  (       —)  PAGEINDEX_NODE_SELECTED
        ┌─── REQUEST ───────────────────────────────────────────
        │ paper_id: PMC12082946
        │ pageindex_node_id: 0031
        │ title: The course of SC during pediatric age, morbidities,...
        │ section: PMC12082946 > Results > The course of SC during pediatric age, morbidities,...
        │ requirement_id: H1
        └──────────────────────────────────────────────────────
        ┌─── RESPONSE ──────────────────────────────────────────
        │ reason: title matches p; text matches table, surgical; Results section
        └──────────────────────────────────────────────────────

[ 102] [2026-08-23T17:20:47.181]  + 36272.7ms  (       —)  PAGEINDEX_NODE_SELECTED
        ┌─── REQUEST ───────────────────────────────────────────
        │ paper_id: PMC12082946
        │ pageindex_node_id: 0040
        │ title: In 76% of our patients, surgical interventions were...
        │ section: PMC12082946 > Discussion > In 76% of our patients, surgical interventions were...
        │ requirement_id: H1
        └──────────────────────────────────────────────────────
        ┌─── RESPONSE ──────────────────────────────────────────
        │ reason: title matches surgical, p; text matches repair; Discussion section
        └──────────────────────────────────────────────────────

[ 103] [2026-08-23T17:20:47.181]  + 36272.7ms  (       —)  local_pageindex
        ┌─── REQUEST ───────────────────────────────────────────
        │ paper_id: PMC12082946
        │ requirement_id: H1
        │ status: success
        │ navigation_query: Find the Results sections, tables, and table footnotes that report surgical repair techniques associated with recurrent coarctation including percentage, p-value.
        └──────────────────────────────────────────────────────
        ┌─── RESPONSE ──────────────────────────────────────────
        │ nav_chunks: ['PMC12082946_13', 'PMC12082946_14', 'PMC12082946_15', 'PMC12082946_16', 'PMC12082946_18', 'PMC12082946_2', 'PMC12082946_24']
        │ n_nav_chunks: 7
        └──────────────────────────────────────────────────────

[ 104] [2026-08-23T17:20:47.291]  + 36383.2ms  (       —)  local_search_PMC12082946_H1
        ┌─── REQUEST ───────────────────────────────────────────
        │ paper_id: PMC12082946
        │ requirement_id: H1
        │ navigation_query: Find the Results sections, tables, and table footnotes that report surgical repair techniques associated with recurrent coarctation including percentage, p-value.
        │ n_variants: 4
        │ n_paper_chunks: 33
        │ pageindex_status: success
        └──────────────────────────────────────────────────────
        ┌─── RESPONSE ──────────────────────────────────────────
        │ bm25+pgvector_fused: 24
        │ candidates: 11
        │ pageindex_chunks: 7
        │ top: [{'chunk_id': 'PMC12082946_17', 'type': 'paragraph', 'rank': 1, 'pageindex': False, 'table_id': None}, {'chunk_id': 'PMC12082946_24', 'type': 'paragraph', 'rank': 2, 'pageindex': True, 'table_id': None}, {'chunk_id': 'PMC12082946_15', 'type': 'paragraph', 'rank': 3, 'pageindex': True, 'table_id': No
        │ top:     ... [209 chars truncated] ...
        │ top:     hunk_id': 'PMC12082946_10', 'type': 'paragraph', 'rank': 6, 'pageindex': False, 'table_id': None}, {'chunk_id': 'PMC12082946_18', 'type': 'paragraph', 'rank': 7, 'pageindex': True, 'table_id': None}, {'chunk_id': 'PMC12082946_14', 'type': 'paragraph', 'rank': 8, 'pageindex': True, 'table_id': None}]
        └──────────────────────────────────────────────────────

[ 105] [2026-08-23T17:20:47.292]  + 36383.7ms  (       —)  PAGEINDEX_LOAD
        ┌─── REQUEST ───────────────────────────────────────────
        │ paper_id: PMC12055418
        │ artifact: index/pageindex/PMC12055418.json
        └──────────────────────────────────────────────────────
        ┌─── RESPONSE ──────────────────────────────────────────
        │ status: success
        │ n_chunks: 10
        │ n_tree_nodes: 16
        │ format: pageindex md_to_tree (hierarchy-first)
        └──────────────────────────────────────────────────────

[ 106] [2026-08-23T17:20:47.293]  + 36384.3ms  (       —)  PAGEINDEX_SEARCH
        ┌─── REQUEST ───────────────────────────────────────────
        │ paper_id: PMC12055418
        │ requirement_id: H1
        │ query: Find the Results sections, tables, and table footnotes that report surgical repair techniques associated with recurrent coarctation including percentage, p-value.
        │ top_k: 8
        └──────────────────────────────────────────────────────
        ┌─── RESPONSE ──────────────────────────────────────────
        │ selected_nodes: [{'node_id': '0013', 'title': 'Surgical repair or endovascular repair is recommende...', 'section': 'Discussion > Surgical repair or endovascular repair is recommende...', 'relevance': 1.0}, {'node_id': '0007', 'title': 'Figure ehf214629-fig-0001', 'section': 'Case report > Figure ehf214629-fig-0001
        │ selected_nodes:     ... [820 chars truncated] ...
        │ selected_nodes:     .', 'section': 'Conclusions > In conclusion, we reported an extremely rare event o...', 'relevance': 0.395}, {'node_id': '0008', 'title': 'After a multidisciplinary discussion with the heart...', 'section': 'Case report > After a multidisciplinary discussion with the heart...', 'relevance': 0.3646}]
        │ reasons: ['title matches surgical, repair, p; text matches associated, coarctation; Discussion section', 'text matches p; figure region', 'text matches p; figure region', 'title matches coarctation; text matches p', 'title matches p; text matches recurrent', 'text matches coarctation, p; Discussion section', 'title matches p; text matches coarctation', 'title matches p; Discussion section']
        │ status: success
        └──────────────────────────────────────────────────────

[ 107] [2026-08-23T17:20:47.293]  + 36384.3ms  (       —)  PAGEINDEX_NODE_SELECTED
        ┌─── REQUEST ───────────────────────────────────────────
        │ paper_id: PMC12055418
        │ pageindex_node_id: 0013
        │ title: Surgical repair or endovascular repair is recommende...
        │ section: PMC12055418 > Discussion > Surgical repair or endovascular repair is recommende...
        │ requirement_id: H1
        └──────────────────────────────────────────────────────
        ┌─── RESPONSE ──────────────────────────────────────────
        │ reason: title matches surgical, repair, p; text matches associated, coarctation; Discussion section
        └──────────────────────────────────────────────────────

[ 108] [2026-08-23T17:20:47.293]  + 36384.4ms  (       —)  PAGEINDEX_NODE_SELECTED
        ┌─── REQUEST ───────────────────────────────────────────
        │ paper_id: PMC12055418
        │ pageindex_node_id: 0007
        │ title: Figure ehf214629-fig-0001
        │ section: PMC12055418 > Case report > Figure ehf214629-fig-0001
        │ requirement_id: H1
        └──────────────────────────────────────────────────────
        ┌─── RESPONSE ──────────────────────────────────────────
        │ reason: text matches p; figure region
        └──────────────────────────────────────────────────────

[ 109] [2026-08-23T17:20:47.293]  + 36384.4ms  (       —)  PAGEINDEX_NODE_SELECTED
        ┌─── REQUEST ───────────────────────────────────────────
        │ paper_id: PMC12055418
        │ pageindex_node_id: 0009
        │ title: Figure ehf214629-fig-0002
        │ section: PMC12055418 > Case report > Figure ehf214629-fig-0002
        │ requirement_id: H1
        └──────────────────────────────────────────────────────
        ┌─── RESPONSE ──────────────────────────────────────────
        │ reason: text matches p; figure region
        └──────────────────────────────────────────────────────

[ 110] [2026-08-23T17:20:47.293]  + 36384.5ms  (       —)  PAGEINDEX_NODE_SELECTED
        ┌─── REQUEST ───────────────────────────────────────────
        │ paper_id: PMC12055418
        │ pageindex_node_id: 0004
        │ title: Aortic coarctation with a discrete narrowing of the...
        │ section: PMC12055418 > Introduction > Aortic coarctation with a discrete narrowing of the...
        │ requirement_id: H1
        └──────────────────────────────────────────────────────
        ┌─── RESPONSE ──────────────────────────────────────────
        │ reason: title matches coarctation; text matches p
        └──────────────────────────────────────────────────────

[ 111] [2026-08-23T17:20:47.293]  + 36384.5ms  (       —)  PAGEINDEX_NODE_SELECTED
        ┌─── REQUEST ───────────────────────────────────────────
        │ paper_id: PMC12055418
        │ pageindex_node_id: 0002
        │ title: A 31‐year‐old male presented with unexplainable symp...
        │ section: PMC12055418 > Abstract > A 31‐year‐old male presented with unexplainable symp...
        │ requirement_id: H1
        └──────────────────────────────────────────────────────
        ┌─── RESPONSE ──────────────────────────────────────────
        │ reason: title matches p; text matches recurrent
        └──────────────────────────────────────────────────────

[ 112] [2026-08-23T17:20:47.293]  + 36384.5ms  (       —)  PAGEINDEX_NODE_SELECTED
        ┌─── REQUEST ───────────────────────────────────────────
        │ paper_id: PMC12055418
        │ pageindex_node_id: 0012
        │ title: In addition, in most cases of acquired aortic coarct...
        │ section: PMC12055418 > Discussion > In addition, in most cases of acquired aortic coarct...
        │ requirement_id: H1
        └──────────────────────────────────────────────────────
        ┌─── RESPONSE ──────────────────────────────────────────
        │ reason: text matches coarctation, p; Discussion section
        └──────────────────────────────────────────────────────

[ 113] [2026-08-23T17:20:47.293]  + 36384.6ms  (       —)  PAGEINDEX_NODE_SELECTED
        ┌─── REQUEST ───────────────────────────────────────────
        │ paper_id: PMC12055418
        │ pageindex_node_id: 0015
        │ title: In conclusion, we reported an extremely rare event o...
        │ section: PMC12055418 > Conclusions > In conclusion, we reported an extremely rare event o...
        │ requirement_id: H1
        └──────────────────────────────────────────────────────
        ┌─── RESPONSE ──────────────────────────────────────────
        │ reason: title matches p; text matches coarctation
        └──────────────────────────────────────────────────────

[ 114] [2026-08-23T17:20:47.293]  + 36384.6ms  (       —)  PAGEINDEX_NODE_SELECTED
        ┌─── REQUEST ───────────────────────────────────────────
        │ paper_id: PMC12055418
        │ pageindex_node_id: 0008
        │ title: After a multidisciplinary discussion with the heart...
        │ section: PMC12055418 > Case report > After a multidisciplinary discussion with the heart...
        │ requirement_id: H1
        └──────────────────────────────────────────────────────
        ┌─── RESPONSE ──────────────────────────────────────────
        │ reason: title matches p; Discussion section
        └──────────────────────────────────────────────────────

[ 115] [2026-08-23T17:20:47.293]  + 36384.6ms  (       —)  local_pageindex
        ┌─── REQUEST ───────────────────────────────────────────
        │ paper_id: PMC12055418
        │ requirement_id: H1
        │ status: success
        │ navigation_query: Find the Results sections, tables, and table footnotes that report surgical repair techniques associated with recurrent coarctation including percentage, p-value.
        └──────────────────────────────────────────────────────
        ┌─── RESPONSE ──────────────────────────────────────────
        │ nav_chunks: ['PMC12055418_0', 'PMC12055418_1', 'PMC12055418_3', 'PMC12055418_5', 'PMC12055418_6', 'PMC12055418_7', 'PMC12055418_ehf214629-fig-0001', 'PMC12055418_ehf214629-fig-0002']
        │ n_nav_chunks: 8
        └──────────────────────────────────────────────────────

[ 116] [2026-08-23T17:20:47.393]  + 36484.5ms  (       —)  local_search_PMC12055418_H1
        ┌─── REQUEST ───────────────────────────────────────────
        │ paper_id: PMC12055418
        │ requirement_id: H1
        │ navigation_query: Find the Results sections, tables, and table footnotes that report surgical repair techniques associated with recurrent coarctation including percentage, p-value.
        │ n_variants: 4
        │ n_paper_chunks: 10
        │ pageindex_status: success
        └──────────────────────────────────────────────────────
        ┌─── RESPONSE ──────────────────────────────────────────
        │ bm25+pgvector_fused: 10
        │ candidates: 10
        │ pageindex_chunks: 8
        │ top: [{'chunk_id': 'PMC12055418_1', 'type': 'paragraph', 'rank': 1, 'pageindex': True, 'table_id': None}, {'chunk_id': 'PMC12055418_6', 'type': 'paragraph', 'rank': 2, 'pageindex': True, 'table_id': None}, {'chunk_id': 'PMC12055418_0', 'type': 'paragraph', 'rank': 3, 'pageindex': True, 'table_id': None},
        │ top:     ... [215 chars truncated] ...
        │ top:     PMC12055418_3', 'type': 'paragraph', 'rank': 6, 'pageindex': True, 'table_id': None}, {'chunk_id': 'PMC12055418_4', 'type': 'paragraph', 'rank': 7, 'pageindex': False, 'table_id': None}, {'chunk_id': 'PMC12055418_ehf214629-fig-0002', 'type': 'figure', 'rank': 8, 'pageindex': True, 'table_id': None}]
        └──────────────────────────────────────────────────────

[ 117] [2026-08-23T17:20:47.394]  + 36485.4ms  (       —)  PAGEINDEX_LOAD
        ┌─── REQUEST ───────────────────────────────────────────
        │ paper_id: PMC12028279
        │ artifact: index/pageindex/PMC12028279.json
        └──────────────────────────────────────────────────────
        ┌─── RESPONSE ──────────────────────────────────────────
        │ status: success
        │ n_chunks: 57
        │ n_tree_nodes: 50
        │ format: pageindex md_to_tree (hierarchy-first)
        └──────────────────────────────────────────────────────

[ 118] [2026-08-23T17:20:47.395]  + 36486.7ms  (       —)  PAGEINDEX_SEARCH
        ┌─── REQUEST ───────────────────────────────────────────
        │ paper_id: PMC12028279
        │ requirement_id: H1
        │ query: Find the Results sections, tables, and table footnotes that report surgical repair techniques associated with recurrent coarctation including percentage, p-value.
        │ top_k: 8
        └──────────────────────────────────────────────────────
        ┌─── RESPONSE ──────────────────────────────────────────
        │ selected_nodes: [{'node_id': '0042', 'title': 'Table jcm-14-02817-t001', 'section': 'Figures and Tables > Table jcm-14-02817-t001', 'relevance': 1.0}, {'node_id': '0019', 'title': 'Table 1 outlines the pre-operative and operative cha...', 'section': '3. Results > 3.1. Preoperative and Operative Characteristics > Ta
        │ selected_nodes:     ... [855 chars truncated] ...
        │ selected_nodes:     68 patients develo...', 'relevance': 0.3901}, {'node_id': '0010', 'title': 'Between 2004 and 2021, 1214 patients underwent surgi...', 'section': '2. Patients and Methods > 2.2. Patient Population and Surgical Technique > Between 2004 and 2021, 1214 patients underwent surgi...', 'relevance': 0.3305}]
        │ reasons: ['title matches table; text matches surgical, repair, p, value; tabular evidence region', 'title matches table, p; text matches surgical, repair; tabular evidence region', 'title matches table; text matches associated, p, value; tabular evidence region', 'text matches surgical, repair, recurrent, p; tabular evidence region', 'title matches tables, table; tabular evidence region', 'title matches p; text matches table, associated; Results section', 'title matches p; text matches associated, recurrent; Results section', 'title matches p; text matches surgical, repair']
        │ status: success
        └──────────────────────────────────────────────────────

[ 119] [2026-08-23T17:20:47.395]  + 36486.7ms  (       —)  PAGEINDEX_NODE_SELECTED
        ┌─── REQUEST ───────────────────────────────────────────
        │ paper_id: PMC12028279
        │ pageindex_node_id: 0042
        │ title: Table jcm-14-02817-t001
        │ section: PMC12028279 > Figures and Tables > Table jcm-14-02817-t001
        │ requirement_id: H1
        └──────────────────────────────────────────────────────
        ┌─── RESPONSE ──────────────────────────────────────────
        │ reason: title matches table; text matches surgical, repair, p, value; tabular evidence region
        └──────────────────────────────────────────────────────

[ 120] [2026-08-23T17:20:47.395]  + 36486.8ms  (       —)  PAGEINDEX_NODE_SELECTED
        ┌─── REQUEST ───────────────────────────────────────────
        │ paper_id: PMC12028279
        │ pageindex_node_id: 0019
        │ title: Table 1 outlines the pre-operative and operative cha...
        │ section: PMC12028279 > 3. Results > 3.1. Preoperative and Operative Characteristics > Table 1 outlines the pre-operative and operative cha...
        │ requirement_id: H1
        └──────────────────────────────────────────────────────
        ┌─── RESPONSE ──────────────────────────────────────────
        │ reason: title matches table, p; text matches surgical, repair; tabular evidence region
        └──────────────────────────────────────────────────────

[ 121] [2026-08-23T17:20:47.395]  + 36486.8ms  (       —)  PAGEINDEX_NODE_SELECTED
        ┌─── REQUEST ───────────────────────────────────────────
        │ paper_id: PMC12028279
        │ pageindex_node_id: 0043
        │ title: Table jcm-14-02817-t002
        │ section: PMC12028279 > Figures and Tables > Table jcm-14-02817-t002
        │ requirement_id: H1
        └──────────────────────────────────────────────────────
        ┌─── RESPONSE ──────────────────────────────────────────
        │ reason: title matches table; text matches associated, p, value; tabular evidence region
        └──────────────────────────────────────────────────────

[ 122] [2026-08-23T17:20:47.395]  + 36486.8ms  (       —)  PAGEINDEX_NODE_SELECTED
        ┌─── REQUEST ───────────────────────────────────────────
        │ paper_id: PMC12028279
        │ pageindex_node_id: 0041
        │ title: Figure jcm-14-02817-f001
        │ section: PMC12028279 > Figures and Tables > Figure jcm-14-02817-f001
        │ requirement_id: H1
        └──────────────────────────────────────────────────────
        ┌─── RESPONSE ──────────────────────────────────────────
        │ reason: text matches surgical, repair, recurrent, p; tabular evidence region
        └──────────────────────────────────────────────────────

[ 123] [2026-08-23T17:20:47.395]  + 36486.8ms  (       —)  PAGEINDEX_NODE_SELECTED
        ┌─── REQUEST ───────────────────────────────────────────
        │ paper_id: PMC12028279
        │ pageindex_node_id: 0040
        │ title: Figures and Tables
        │ section: PMC12028279 > Figures and Tables
        │ requirement_id: H1
        └──────────────────────────────────────────────────────
        ┌─── RESPONSE ──────────────────────────────────────────
        │ reason: title matches tables, table; tabular evidence region
        └──────────────────────────────────────────────────────

[ 124] [2026-08-23T17:20:47.395]  + 36486.9ms  (       —)  PAGEINDEX_NODE_SELECTED
        ┌─── REQUEST ───────────────────────────────────────────
        │ paper_id: PMC12028279
        │ pageindex_node_id: 0021
        │ title: There were four perioperative deaths (0.3%). Over th...
        │ section: PMC12028279 > 3. Results > 3.2. Survival > There were four perioperative deaths (0.3%). Over th...
        │ requirement_id: H1
        └──────────────────────────────────────────────────────
        ┌─── RESPONSE ──────────────────────────────────────────
        │ reason: title matches p; text matches table, associated; Results section
        └──────────────────────────────────────────────────────

[ 125] [2026-08-23T17:20:47.395]  + 36486.9ms  (       —)  PAGEINDEX_NODE_SELECTED
        ┌─── REQUEST ───────────────────────────────────────────
        │ paper_id: PMC12028279
        │ pageindex_node_id: 0023
        │ title: Over the course of the follow-up, 68 patients develo...
        │ section: PMC12028279 > 3. Results > 3.3. Mitral Regurgitation Recurrence > Over the course of the follow-up, 68 patients develo...
        │ requirement_id: H1
        └──────────────────────────────────────────────────────
        ┌─── RESPONSE ──────────────────────────────────────────
        │ reason: title matches p; text matches associated, recurrent; Results section
        └──────────────────────────────────────────────────────

[ 126] [2026-08-23T17:20:47.395]  + 36486.9ms  (       —)  PAGEINDEX_NODE_SELECTED
        ┌─── REQUEST ───────────────────────────────────────────
        │ paper_id: PMC12028279
        │ pageindex_node_id: 0010
        │ title: Between 2004 and 2021, 1214 patients underwent surgi...
        │ section: PMC12028279 > 2. Patients and Methods > 2.2. Patient Population and Surgical Technique > Between 2004 and 2021, 1214 patients underwent surgi...
        │ requirement_id: H1
        └──────────────────────────────────────────────────────
        ┌─── RESPONSE ──────────────────────────────────────────
        │ reason: title matches p; text matches surgical, repair
        └──────────────────────────────────────────────────────

[ 127] [2026-08-23T17:20:47.395]  + 36487.0ms  (       —)  local_pageindex
        ┌─── REQUEST ───────────────────────────────────────────
        │ paper_id: PMC12028279
        │ requirement_id: H1
        │ status: success
        │ navigation_query: Find the Results sections, tables, and table footnotes that report surgical repair techniques associated with recurrent coarctation including percentage, p-value.
        └──────────────────────────────────────────────────────
        ┌─── RESPONSE ──────────────────────────────────────────
        │ nav_chunks: [37 items: ['PMC12028279_10', 'PMC12028279_11', 'PMC12028279_12'] ... ['PMC12028279_jcm-14-02817-t002_row_4', 'PMC12028279_jcm-14-02817-t002_summary']]
        │ n_nav_chunks: 37
        └──────────────────────────────────────────────────────

[ 128] [2026-08-23T17:20:47.479]  + 36570.3ms  (       —)  local_evidence_boost
        ┌─── REQUEST ───────────────────────────────────────────
        │ paper_id: PMC12028279
        │ requirement_id: H1
        │ focus: comparative_numerical
        └──────────────────────────────────────────────────────
        ┌─── RESPONSE ──────────────────────────────────────────
        │ boosted: ['PMC12028279_jcm-14-02817-t001_row_19', 'PMC12028279_jcm-14-02817-t001_row_16']
        └──────────────────────────────────────────────────────

[ 129] [2026-08-23T17:20:47.511]  + 36602.7ms  (       —)  local_search_PMC12028279_H1
        ┌─── REQUEST ───────────────────────────────────────────
        │ paper_id: PMC12028279
        │ requirement_id: H1
        │ navigation_query: Find the Results sections, tables, and table footnotes that report surgical repair techniques associated with recurrent coarctation including percentage, p-value.
        │ n_variants: 4
        │ n_paper_chunks: 57
        │ pageindex_status: success
        └──────────────────────────────────────────────────────
        ┌─── RESPONSE ──────────────────────────────────────────
        │ bm25+pgvector_fused: 26
        │ candidates: 23
        │ pageindex_chunks: 37
        │ top: [{'chunk_id': 'PMC12028279_14', 'type': 'paragraph', 'rank': 1, 'pageindex': False, 'table_id': None}, {'chunk_id': 'PMC12028279_12', 'type': 'paragraph', 'rank': 2, 'pageindex': True, 'table_id': None}, {'chunk_id': 'PMC12028279_jcm-14-02817-f001', 'type': 'figure', 'rank': 3, 'pageindex': True, 't
        │ top:     ... [374 chars truncated] ...
        │ top:     ank': 6, 'pageindex': True, 'table_id': 'jcm-14-02817-t001'}, {'chunk_id': 'PMC12028279_jcm-14-02817-t001_row_21', 'type': 'table_row', 'rank': 7, 'pageindex': True, 'table_id': 'jcm-14-02817-t001'}, {'chunk_id': 'PMC12028279_4', 'type': 'paragraph', 'rank': 8, 'pageindex': False, 'table_id': None}]
        └──────────────────────────────────────────────────────

[ 130] [2026-08-23T17:20:47.512]  + 36604.2ms  (       —)  medcpt_rerank_start
        ┌─── REQUEST ───────────────────────────────────────────
        │ n_pairs: 150
        │ n_requirements: 1
        │ cap: 150
        └──────────────────────────────────────────────────────

[ 131] [2026-08-23T17:21:55.049]  +104140.9ms  (       —)  medcpt_rerank_done
        ┌─── REQUEST ───────────────────────────────────────────
        │ n_pairs: 150
        └──────────────────────────────────────────────────────
        ┌─── RESPONSE ──────────────────────────────────────────
        │ mean_score: 0.296990
        │ score_range: [-8.83011, 11.60682]
        └──────────────────────────────────────────────────────

[ 132] [2026-08-23T17:21:55.112]  +104203.6ms  (       —)  intent_scoring
        ┌─── REQUEST ───────────────────────────────────────────
        │ n_requirements: 1
        └──────────────────────────────────────────────────────
        ┌─── RESPONSE ──────────────────────────────────────────
        │ covered_per_requirement: {
        │ covered_per_requirement: "H1": 68
        │ covered_per_requirement: }
        └──────────────────────────────────────────────────────

[ 133] [2026-08-23T17:21:55.118]  +104209.4ms  (       —)  greedy_selection
        ┌─── REQUEST ───────────────────────────────────────────
        │ slots: 18
        │ n_candidates: 192
        └──────────────────────────────────────────────────────
        ┌─── RESPONSE ──────────────────────────────────────────
        │ n_selected: 18
        │ n_documents: 6
        │ covered_requirements: ['H1']
        │ coverage_fraction: 1.000000
        └──────────────────────────────────────────────────────

[ 134] [2026-08-23T17:21:55.119]  +104210.8ms  (       —)  FINAL_EVIDENCE
        ┌─── REQUEST ───────────────────────────────────────────
        │ n_selected: 18
        └──────────────────────────────────────────────────────
        ┌─── RESPONSE ──────────────────────────────────────────
        │ coverage: {
        │ coverage: "all_requirements_covered": true,
        │ coverage: "covered": [
        │ coverage: "H1"
        │ coverage: ],
        │ coverage: "uncovered": [],
        │ coverage: "coverage_fraction": 1.0,
        │ coverage: "per_requirement": {
        │ coverage: "H1": {
        │ coverage: "covered": true,
        │ coverage: "n_evidence": 17,
        │ coverage: "best_chunks": [
        │ coverage: "PMC11743609_T1_row_5",
        │ coverage: "PMC11997790_ivaf042-T2_row_0",
        │ coverage: "PMC11743609_T1_row_3"
        │ coverage: ],
        │ coverage: "node_types": [
        │ coverage: "paragraph",
        │ coverage: "table_r
        │ coverage:     ... [257 chars truncated] ...
        │ coverage:     age": true,
        │ coverage: "p-value": false,
        │ coverage: "confidence_interval": false,
        │ coverage: "effect_estimate": false,
        │ coverage: "sample_size": false
        │ coverage: },
        │ coverage: "PMC11743609_T1_row_3": {
        │ coverage: "percentage": true,
        │ coverage: "p-value": false,
        │ coverage: "confidence_interval": false,
        │ coverage: "effect_estimate": false,
        │ coverage: "sample_size": false
        │ coverage: }
        │ coverage: },
        │ coverage: "requirement": "recurrent coarctation"
        │ coverage: }
        │ coverage: }
        │ coverage: }
        │ evidence: [18 items: [{'chunk_id': 'PMC11743609_T1_row_5', 'paper_id': 'PMC11743609', 'node_type': 'table_row', 'final_score': 1.0, 'covered_requirements': ['H1'], 'medcpt': {'H1': 11.6068}, 'penalties': {}, 'selection_reason': {'base': 1.0, 'new_requirements': ['H1'], 'new_evid_type': True, 'new_paper': True, 'doc_penalty': 0.0, 'marginal': 1.26}}, {'chunk_id': 'PMC11997790_ivaf042-T2_row_0', 'paper_id': 'PMC11997790', 'node_type': 'table_row', 'final_score': 0.8736, 'covered_requirements': ['H1'], 'medcpt': {'H1': 8.9065}, 'penalties': {}, 'selection_reason': {'base': 0.8736, 'new_requirements': [], 'new_evid_type': False, 'new_paper': True, 'doc_penalty': 0.0, 'marginal': 0.9136}}, {'chunk_id': 'PMC11743609_T1_row_3', 'paper_id': 'PMC11743609', 'node_type': 'table_row', 'final_score': 0.9944, 'covered_requirements': ['H1'], 'medcpt': {'H1': 11.3985}, 'penalties': {}, 'selection_reason': {'base': 0.9944, 'new_requirements': [], 'new_evid_type': False, 'new_paper': False, 'doc_penalty': 0.25, 'marginal': 0.9069}}] ... [{'chunk_id': 'PMC11743609_T2_row_10', 'paper_id': 'PMC11743609', 'node_type': 'table_row', 'final_score': 0.8878, 'covered_requirements': ['H1'], 'medcpt': {'H1': 7.4628}, 'penalties': {}, 'selection_reason': {'base': 0.8878, 'new_requirements': [], 'new_evid_type': False, 'new_paper': False, 'doc_penalty': 1.0, 'marginal': 0.5378}}, {'chunk_id': 'PMC11743609_T2_row_2', 'paper_id': 'PMC11743609', 'node_type': 'table_row', 'final_score': 0.8781, 'covered_requirements': ['H1'], 'medcpt': {'H1': 7.1032}, 'penalties': {}, 'selection_reason': {'base': 0.8781, 'new_requirements': [], 'new_evid_type': False, 'new_paper': False, 'doc_penalty': 1.0, 'marginal': 0.5281}}]]
        └──────────────────────────────────────────────────────

====================================================================================================
END OF TRACE
====================================================================================================